feature_name,missing_count_unimputed,missing_fraction_unimputed,fill_value_from_train,all_missing_in_train
cholesterol__24_48h__slope_per_hour,11999,0.9999166666666667,-0.14598539471626282,False
cholesterol__0_24h__slope_per_hour,11971,0.9975833333333334,-0.84112149477005,False
cholesterol__0_48h__slope_per_hour,11956,0.9963333333333333,-0.4966900944709778,False
troponini__24_48h__slope_per_hour,11919,0.99325,-0.03755856305360794,False
cholesterol__24_48h__delta,11876,0.9896666666666667,0.0,False
cholesterol__24_48h__first,11876,0.9896666666666667,141.0,False
cholesterol__24_48h__last,11876,0.9896666666666667,141.0,False
cholesterol__24_48h__max,11876,0.9896666666666667,141.0,False
cholesterol__24_48h__mean,11876,0.9896666666666667,141.0,False
cholesterol__24_48h__median,11876,0.9896666666666667,141.0,False
cholesterol__24_48h__min,11876,0.9896666666666667,141.0,False
cholesterol__24_48h__std,11876,0.9896666666666667,0.0,False
cholesterol__24_48h__time_span_hours,11876,0.9896666666666667,0.0,False
albumin__24_48h__slope_per_hour,11773,0.9810833333333333,0.0,False
troponini__0_24h__slope_per_hour,11770,0.9808333333333333,-0.011857707053422928,False
troponini__24_48h__delta,11768,0.9806666666666667,0.0,False
troponini__24_48h__first,11768,0.9806666666666667,2.8000001907348633,False
troponini__24_48h__last,11768,0.9806666666666667,2.8000001907348633,False
troponini__24_48h__max,11768,0.9806666666666667,3.049999952316284,False
troponini__24_48h__mean,11768,0.9806666666666667,2.8000001907348633,False
troponini__24_48h__median,11768,0.9806666666666667,2.8000001907348633,False
troponini__24_48h__min,11768,0.9806666666666667,2.549999952316284,False
troponini__24_48h__std,11768,0.9806666666666667,0.0,False
troponini__24_48h__time_span_hours,11768,0.9806666666666667,0.0,False
troponini__0_48h__slope_per_hour,11677,0.9730833333333333,-0.02174871414899826,False
troponint__24_48h__slope_per_hour,11638,0.9698333333333333,-0.0007562941173091531,False
alp__24_48h__slope_per_hour,11564,0.9636666666666667,0.2775716781616211,False
alt__24_48h__slope_per_hour,11559,0.96325,-0.3834491968154907,False
ast__24_48h__slope_per_hour,11555,0.9629166666666666,-0.9344063401222229,False
bilirubin__24_48h__slope_per_hour,11511,0.95925,0.0,False
troponini__0_24h__delta,11497,0.9580833333333333,0.0,False
troponini__0_24h__first,11497,0.9580833333333333,2.0,False
troponini__0_24h__last,11497,0.9580833333333333,2.200000047683716,False
troponini__0_24h__max,11497,0.9580833333333333,2.5999999046325684,False
troponini__0_24h__mean,11497,0.9580833333333333,2.299999952316284,False
troponini__0_24h__median,11497,0.9580833333333333,2.299999952316284,False
troponini__0_24h__min,11497,0.9580833333333333,1.7000000476837158,False
troponini__0_24h__std,11497,0.9580833333333333,0.0,False
troponini__0_24h__time_span_hours,11497,0.9580833333333333,0.0,False
troponini__0_48h__delta,11435,0.9529166666666666,0.0,False
troponini__0_48h__first,11435,0.9529166666666666,2.0,False
troponini__0_48h__last,11435,0.9529166666666666,2.0,False
troponini__0_48h__max,11435,0.9529166666666666,2.700000047683716,False
troponini__0_48h__mean,11435,0.9529166666666666,2.2249999046325684,False
troponini__0_48h__median,11435,0.9529166666666666,2.200000047683716,False
troponini__0_48h__min,11435,0.9529166666666666,1.5,False
troponini__0_48h__std,11435,0.9529166666666666,0.10477225482463837,False
troponini__0_48h__time_span_hours,11435,0.9529166666666666,6.974999904632568,False
albumin__0_24h__slope_per_hour,11211,0.93425,-0.008247386664152145,False
cholesterol__0_24h__delta,11162,0.9301666666666667,0.0,False
cholesterol__0_24h__first,11162,0.9301666666666667,157.0,False
cholesterol__0_24h__last,11162,0.9301666666666667,157.0,False
cholesterol__0_24h__max,11162,0.9301666666666667,157.0,False
cholesterol__0_24h__mean,11162,0.9301666666666667,157.0,False
cholesterol__0_24h__median,11162,0.9301666666666667,157.0,False
cholesterol__0_24h__min,11162,0.9301666666666667,157.0,False
cholesterol__0_24h__std,11162,0.9301666666666667,0.0,False
cholesterol__0_24h__time_span_hours,11162,0.9301666666666667,0.0,False
cholesterol__0_48h__delta,11052,0.921,0.0,False
cholesterol__0_48h__first,11052,0.921,155.0,False
cholesterol__0_48h__last,11052,0.921,155.0,False
cholesterol__0_48h__max,11052,0.921,155.0,False
cholesterol__0_48h__mean,11052,0.921,155.0,False
cholesterol__0_48h__median,11052,0.921,155.0,False
cholesterol__0_48h__min,11052,0.921,155.0,False
cholesterol__0_48h__std,11052,0.921,0.0,False
cholesterol__0_48h__time_span_hours,11052,0.921,0.0,False
troponint__24_48h__delta,10953,0.91275,0.0,False
troponint__24_48h__first,10953,0.91275,0.23000000417232513,False
troponint__24_48h__last,10953,0.91275,0.23999999463558197,False
troponint__24_48h__max,10953,0.91275,0.25,False
troponint__24_48h__mean,10953,0.91275,0.25,False
troponint__24_48h__median,10953,0.91275,0.25,False
troponint__24_48h__min,10953,0.91275,0.2199999988079071,False
troponint__24_48h__std,10953,0.91275,0.0,False
troponint__24_48h__time_span_hours,10953,0.91275,0.0,False
alp__0_24h__slope_per_hour,10681,0.8900833333333333,-0.40871936082839966,False
ast__0_24h__slope_per_hour,10636,0.8863333333333333,-0.3272314667701721,False
alt__0_24h__slope_per_hour,10634,0.8861666666666667,-0.16293346881866455,False
bilirubin__0_24h__slope_per_hour,10623,0.88525,0.0,False
troponint__0_24h__slope_per_hour,10495,0.8745833333333334,0.0,False
albumin__0_48h__slope_per_hour,10431,0.86925,-0.0052083334885537624,False
lactate__24_48h__slope_per_hour,10420,0.8683333333333333,-0.013112186454236507,False
troponint__0_48h__slope_per_hour,10185,0.84875,0.0,False
albumin__24_48h__delta,9998,0.8331666666666667,0.0,False
albumin__24_48h__first,9998,0.8331666666666667,2.700000047683716,False
albumin__24_48h__last,9998,0.8331666666666667,2.700000047683716,False
albumin__24_48h__max,9998,0.8331666666666667,2.799999952316284,False
albumin__24_48h__mean,9998,0.8331666666666667,2.700000047683716,False
albumin__24_48h__median,9998,0.8331666666666667,2.700000047683716,False
albumin__24_48h__min,9998,0.8331666666666667,2.700000047683716,False
albumin__24_48h__std,9998,0.8331666666666667,0.0,False
albumin__24_48h__time_span_hours,9998,0.8331666666666667,0.0,False
sao2__24_48h__slope_per_hour,9963,0.83025,0.0,False
alp__0_48h__slope_per_hour,9688,0.8073333333333333,-0.1653190553188324,False
ast__0_48h__slope_per_hour,9626,0.8021666666666667,-0.2748691141605377,False
alt__0_48h__slope_per_hour,9624,0.802,-0.12631578743457794,False
bilirubin__0_48h__slope_per_hour,9593,0.7994166666666667,0.0,False
alp__24_48h__delta,9530,0.7941666666666667,0.0,False
alp__24_48h__first,9530,0.7941666666666667,81.0,False
alp__24_48h__last,9530,0.7941666666666667,82.0,False
alp__24_48h__max,9530,0.7941666666666667,82.0,False
alp__24_48h__mean,9530,0.7941666666666667,81.0,False
alp__24_48h__median,9530,0.7941666666666667,81.5,False
alp__24_48h__min,9530,0.7941666666666667,81.0,False
alp__24_48h__std,9530,0.7941666666666667,0.0,False
alp__24_48h__time_span_hours,9530,0.7941666666666667,0.0,False
troponint__0_24h__delta,9525,0.79375,0.0,False
troponint__0_24h__first,9525,0.79375,0.11999999731779099,False
troponint__0_24h__last,9525,0.79375,0.12999999523162842,False
troponint__0_24h__max,9525,0.79375,0.15000000596046448,False
troponint__0_24h__mean,9525,0.79375,0.12999999523162842,False
troponint__0_24h__median,9525,0.79375,0.12999999523162842,False
troponint__0_24h__min,9525,0.79375,0.10000000149011612,False
troponint__0_24h__std,9525,0.79375,0.004999999888241291,False
troponint__0_24h__time_span_hours,9525,0.79375,6.925000190734863,False
ast__24_48h__delta,9461,0.7884166666666667,0.0,False
ast__24_48h__first,9461,0.7884166666666667,56.0,False
ast__24_48h__last,9461,0.7884166666666667,56.0,False
ast__24_48h__max,9461,0.7884166666666667,57.0,False
ast__24_48h__mean,9461,0.7884166666666667,57.0,False
ast__24_48h__median,9461,0.7884166666666667,57.0,False
ast__24_48h__min,9461,0.7884166666666667,56.0,False
ast__24_48h__std,9461,0.7884166666666667,0.0,False
ast__24_48h__time_span_hours,9461,0.7884166666666667,0.0,False
alt__24_48h__delta,9458,0.7881666666666667,0.0,False
alt__24_48h__first,9458,0.7881666666666667,40.0,False
alt__24_48h__last,9458,0.7881666666666667,40.0,False
alt__24_48h__max,9458,0.7881666666666667,41.0,False
alt__24_48h__mean,9458,0.7881666666666667,40.0,False
alt__24_48h__median,9458,0.7881666666666667,40.0,False
alt__24_48h__min,9458,0.7881666666666667,39.0,False
alt__24_48h__std,9458,0.7881666666666667,0.0,False
alt__24_48h__time_span_hours,9458,0.7881666666666667,0.0,False
bilirubin__24_48h__delta,9392,0.7826666666666666,0.0,False
bilirubin__24_48h__first,9392,0.7826666666666666,0.8999999761581421,False
bilirubin__24_48h__last,9392,0.7826666666666666,0.8999999761581421,False
bilirubin__24_48h__max,9392,0.7826666666666666,0.8999999761581421,False
bilirubin__24_48h__mean,9392,0.7826666666666666,0.8999999761581421,False
bilirubin__24_48h__median,9392,0.7826666666666666,0.8999999761581421,False
bilirubin__24_48h__min,9392,0.7826666666666666,0.8999999761581421,False
bilirubin__24_48h__std,9392,0.7826666666666666,0.0,False
bilirubin__24_48h__time_span_hours,9392,0.7826666666666666,0.0,False
troponint__0_48h__delta,9363,0.78025,0.0,False
troponint__0_48h__first,9363,0.78025,0.11999999731779099,False
troponint__0_48h__last,9363,0.78025,0.11999999731779099,False
troponint__0_48h__max,9363,0.78025,0.1599999964237213,False
troponint__0_48h__mean,9363,0.78025,0.12666666507720947,False
troponint__0_48h__median,9363,0.78025,0.12999999523162842,False
troponint__0_48h__min,9363,0.78025,0.09000000357627869,False
troponint__0_48h__std,9363,0.78025,0.009999999776482582,False
troponint__0_48h__time_span_hours,9363,0.78025,9.941666603088379,False
wbc__24_48h__slope_per_hour,9208,0.7673333333333333,-0.007042253389954567,False
platelets__24_48h__slope_per_hour,8857,0.7380833333333333,-0.32453063130378723,False
sao2__0_24h__slope_per_hour,8831,0.7359166666666667,-0.012364325113594532,False
lactate__24_48h__delta,8774,0.7311666666666666,0.0,False
lactate__24_48h__first,8774,0.7311666666666666,1.5,False
lactate__24_48h__last,8774,0.7311666666666666,1.5,False
lactate__24_48h__max,8774,0.7311666666666666,1.600000023841858,False
lactate__24_48h__mean,8774,0.7311666666666666,1.5,False
lactate__24_48h__median,8774,0.7311666666666666,1.5,False
lactate__24_48h__min,8774,0.7311666666666666,1.399999976158142,False
lactate__24_48h__std,8774,0.7311666666666666,0.0,False
lactate__24_48h__time_span_hours,8774,0.7311666666666666,0.0,False
resprate__24_48h__slope_per_hour,8708,0.7256666666666667,0.011842554435133934,False
resprate__24_48h__delta,8702,0.7251666666666666,0.0,False
resprate__24_48h__first,8702,0.7251666666666666,19.0,False
resprate__24_48h__last,8702,0.7251666666666666,19.0,False
resprate__24_48h__max,8702,0.7251666666666666,26.0,False
resprate__24_48h__mean,8702,0.7251666666666666,19.14285659790039,False
resprate__24_48h__median,8702,0.7251666666666666,19.0,False
resprate__24_48h__min,8702,0.7251666666666666,14.0,False
resprate__24_48h__std,8702,0.7251666666666666,3.039862871170044,False
resprate__24_48h__time_span_hours,8702,0.7251666666666666,23.0,False
sao2__24_48h__delta,8691,0.72425,0.0,False
sao2__24_48h__first,8691,0.72425,97.0,False
sao2__24_48h__last,8691,0.72425,97.0,False
sao2__24_48h__max,8691,0.72425,98.0,False
sao2__24_48h__mean,8691,0.72425,97.0,False
sao2__24_48h__median,8691,0.72425,97.0,False
sao2__24_48h__min,8691,0.72425,97.0,False
sao2__24_48h__std,8691,0.72425,0.4330126941204071,False
sao2__24_48h__time_span_hours,8691,0.72425,4.7166666984558105,False
resprate__0_24h__slope_per_hour,8688,0.724,-0.00737233180552721,False
resprate__0_24h__delta,8682,0.7235,0.0,False
resprate__0_24h__first,8682,0.7235,19.0,False
resprate__0_24h__last,8682,0.7235,19.0,False
resprate__0_24h__max,8682,0.7235,26.0,False
resprate__0_24h__mean,8682,0.7235,18.913665771484375,False
resprate__0_24h__median,8682,0.7235,19.0,False
resprate__0_24h__min,8682,0.7235,13.0,False
resprate__0_24h__std,8682,0.7235,3.158330202102661,False
resprate__0_24h__time_span_hours,8682,0.7235,22.5,False
resprate__0_48h__slope_per_hour,8675,0.7229166666666667,0.003188289003446698,False
resprate__0_48h__delta,8672,0.7226666666666667,0.0,False
resprate__0_48h__first,8672,0.7226666666666667,19.0,False
resprate__0_48h__last,8672,0.7226666666666667,19.0,False
resprate__0_48h__max,8672,0.7226666666666667,28.0,False
resprate__0_48h__mean,8672,0.7226666666666667,19.056079864501953,False
resprate__0_48h__median,8672,0.7226666666666667,19.0,False
resprate__0_48h__min,8672,0.7226666666666667,12.0,False
resprate__0_48h__std,8672,0.7226666666666667,3.3248348236083984,False
resprate__0_48h__time_span_hours,8672,0.7226666666666667,46.33333206176758,False
hco3__24_48h__slope_per_hour,8383,0.6985833333333333,0.0,False
lactate__0_24h__slope_per_hour,8281,0.6900833333333334,-0.04410040006041527,False
glucose__24_48h__slope_per_hour,8190,0.6825,-0.1565171331167221,False
bun__24_48h__slope_per_hour,8179,0.6815833333333333,0.0,False
creatinine__24_48h__slope_per_hour,8135,0.6779166666666666,0.0,False
na__24_48h__slope_per_hour,8100,0.675,0.0,False
albumin__0_24h__delta,8061,0.67175,0.0,False
albumin__0_24h__first,8061,0.67175,3.0,False
albumin__0_24h__last,8061,0.67175,3.0,False
albumin__0_24h__max,8061,0.67175,3.0,False
albumin__0_24h__mean,8061,0.67175,3.0,False
albumin__0_24h__median,8061,0.67175,3.0,False
albumin__0_24h__min,8061,0.67175,3.0,False
albumin__0_24h__std,8061,0.67175,0.0,False
albumin__0_24h__time_span_hours,8061,0.67175,0.0,False
sao2__0_48h__slope_per_hour,7994,0.6661666666666667,-0.011254748329520226,False
alp__0_24h__delta,7539,0.62825,0.0,False
alp__0_24h__first,7539,0.62825,80.0,False
alp__0_24h__last,7539,0.62825,79.0,False
alp__0_24h__max,7539,0.62825,81.0,False
alp__0_24h__mean,7539,0.62825,79.0,False
alp__0_24h__median,7539,0.62825,79.0,False
alp__0_24h__min,7539,0.62825,77.0,False
alp__0_24h__std,7539,0.62825,0.0,False
alp__0_24h__time_span_hours,7539,0.62825,0.0,False
lactate__0_48h__slope_per_hour,7519,0.6265833333333334,-0.028708133846521378,False
bilirubin__0_24h__delta,7485,0.62375,0.0,False
bilirubin__0_24h__first,7485,0.62375,0.699999988079071,False
bilirubin__0_24h__last,7485,0.62375,0.699999988079071,False
bilirubin__0_24h__max,7485,0.62375,0.699999988079071,False
bilirubin__0_24h__mean,7485,0.62375,0.699999988079071,False
bilirubin__0_24h__median,7485,0.62375,0.699999988079071,False
bilirubin__0_24h__min,7485,0.62375,0.699999988079071,False
bilirubin__0_24h__std,7485,0.62375,0.0,False
bilirubin__0_24h__time_span_hours,7485,0.62375,0.0,False
sao2__0_24h__delta,7454,0.6211666666666666,0.0,False
sao2__0_24h__first,7454,0.6211666666666666,98.0,False
sao2__0_24h__last,7454,0.6211666666666666,98.0,False
sao2__0_24h__max,7454,0.6211666666666666,98.0,False
sao2__0_24h__mean,7454,0.6211666666666666,97.5,False
sao2__0_24h__median,7454,0.6211666666666666,98.0,False
sao2__0_24h__min,7454,0.6211666666666666,97.0,False
sao2__0_24h__std,7454,0.6211666666666666,0.4714045226573944,False
sao2__0_24h__time_span_hours,7454,0.6211666666666666,6.25,False
ast__0_24h__delta,7435,0.6195833333333334,0.0,False
ast__0_24h__first,7435,0.6195833333333334,45.0,False
ast__0_24h__last,7435,0.6195833333333334,45.0,False
ast__0_24h__max,7435,0.6195833333333334,47.0,False
ast__0_24h__mean,7435,0.6195833333333334,45.5,False
ast__0_24h__median,7435,0.6195833333333334,46.0,False
ast__0_24h__min,7435,0.6195833333333334,43.0,False
ast__0_24h__std,7435,0.6195833333333334,0.0,False
ast__0_24h__time_span_hours,7435,0.6195833333333334,0.0,False
alt__0_24h__delta,7434,0.6195,0.0,False
alt__0_24h__first,7434,0.6195,31.0,False
alt__0_24h__last,7434,0.6195,31.0,False
alt__0_24h__max,7434,0.6195,32.0,False
alt__0_24h__mean,7434,0.6195,31.0,False
alt__0_24h__median,7434,0.6195,31.0,False
alt__0_24h__min,7434,0.6195,30.0,False
alt__0_24h__std,7434,0.6195,0.0,False
alt__0_24h__time_span_hours,7434,0.6195,0.0,False
mg__24_48h__slope_per_hour,7352,0.6126666666666667,0.0,False
albumin__0_48h__delta,7130,0.5941666666666666,0.0,False
albumin__0_48h__first,7130,0.5941666666666666,3.0,False
albumin__0_48h__last,7130,0.5941666666666666,2.9000000953674316,False
albumin__0_48h__max,7130,0.5941666666666666,3.0,False
albumin__0_48h__mean,7130,0.5941666666666666,2.933333396911621,False
albumin__0_48h__median,7130,0.5941666666666666,2.950000047683716,False
albumin__0_48h__min,7130,0.5941666666666666,2.9000000953674316,False
albumin__0_48h__std,7130,0.5941666666666666,0.0,False
albumin__0_48h__time_span_hours,7130,0.5941666666666666,0.0,False
k__24_48h__slope_per_hour,6946,0.5788333333333333,0.0,False
alp__0_48h__delta,6903,0.57525,0.0,False
alp__0_48h__first,6903,0.57525,78.0,False
alp__0_48h__last,6903,0.57525,77.0,False
alp__0_48h__max,6903,0.57525,80.0,False
alp__0_48h__mean,6903,0.57525,77.75,False
alp__0_48h__median,6903,0.57525,77.0,False
alp__0_48h__min,6903,0.57525,74.0,False
alp__0_48h__std,6903,0.57525,0.0,False
alp__0_48h__time_span_hours,6903,0.57525,0.0,False
paco2__24_48h__slope_per_hour,6898,0.5748333333333333,0.014459573663771152,False
pao2__24_48h__slope_per_hour,6897,0.57475,-0.1747131198644638,False
bilirubin__0_48h__delta,6788,0.5656666666666667,0.0,False
bilirubin__0_48h__first,6788,0.5656666666666667,0.699999988079071,False
bilirubin__0_48h__last,6788,0.5656666666666667,0.699999988079071,False
bilirubin__0_48h__max,6788,0.5656666666666667,0.699999988079071,False
bilirubin__0_48h__mean,6788,0.5656666666666667,0.699999988079071,False
bilirubin__0_48h__median,6788,0.5656666666666667,0.699999988079071,False
bilirubin__0_48h__min,6788,0.5656666666666667,0.6000000238418579,False
bilirubin__0_48h__std,6788,0.5656666666666667,0.0,False
bilirubin__0_48h__time_span_hours,6788,0.5656666666666667,0.0,False
alt__0_48h__delta,6787,0.5655833333333333,0.0,False
alt__0_48h__first,6787,0.5655833333333333,30.0,False
alt__0_48h__last,6787,0.5655833333333333,30.0,False
alt__0_48h__max,6787,0.5655833333333333,31.0,False
alt__0_48h__mean,6787,0.5655833333333333,30.0,False
alt__0_48h__median,6787,0.5655833333333333,30.0,False
alt__0_48h__min,6787,0.5655833333333333,28.0,False
alt__0_48h__std,6787,0.5655833333333333,0.0,False
alt__0_48h__time_span_hours,6787,0.5655833333333333,0.0,False
ast__0_48h__delta,6786,0.5655,0.0,False
ast__0_48h__first,6786,0.5655,44.0,False
ast__0_48h__last,6786,0.5655,43.0,False
ast__0_48h__max,6786,0.5655,48.0,False
ast__0_48h__mean,6786,0.5655,45.0,False
ast__0_48h__median,6786,0.5655,44.5,False
ast__0_48h__min,6786,0.5655,39.0,False
ast__0_48h__std,6786,0.5655,0.0,False
ast__0_48h__time_span_hours,6786,0.5655,0.0,False
mechvent__24_48h__slope_per_hour,6694,0.5578333333333333,0.0,False
sao2__0_48h__delta,6639,0.55325,0.0,False
sao2__0_48h__first,6639,0.55325,98.0,False
sao2__0_48h__last,6639,0.55325,97.0,False
sao2__0_48h__max,6639,0.55325,98.0,False
sao2__0_48h__mean,6639,0.55325,97.33333587646484,False
sao2__0_48h__median,6639,0.55325,97.5,False
sao2__0_48h__min,6639,0.55325,96.0,False
sao2__0_48h__std,6639,0.55325,0.5,False
sao2__0_48h__time_span_hours,6639,0.55325,14.0,False
ph__24_48h__slope_per_hour,6484,0.5403333333333333,0.00048105159658007324,False
hct__24_48h__slope_per_hour,6258,0.5215,-0.021967316046357155,False
fio2__24_48h__slope_per_hour,6136,0.5113333333333333,0.0,False
mechvent__24_48h__delta,6122,0.5101666666666667,0.0,False
mechvent__24_48h__first,6122,0.5101666666666667,1.0,False
mechvent__24_48h__last,6122,0.5101666666666667,1.0,False
mechvent__24_48h__max,6122,0.5101666666666667,1.0,False
mechvent__24_48h__mean,6122,0.5101666666666667,1.0,False
mechvent__24_48h__median,6122,0.5101666666666667,1.0,False
mechvent__24_48h__min,6122,0.5101666666666667,1.0,False
mechvent__24_48h__std,6122,0.5101666666666667,0.0,False
mechvent__24_48h__time_span_hours,6122,0.5101666666666667,19.649999618530273,False
lactate__0_24h__delta,6085,0.5070833333333333,0.0,False
lactate__0_24h__first,6085,0.5070833333333333,2.0,False
lactate__0_24h__last,6085,0.5070833333333333,1.7000000476837158,False
lactate__0_24h__max,6085,0.5070833333333333,2.299999952316284,False
lactate__0_24h__mean,6085,0.5070833333333333,2.0,False
lactate__0_24h__median,6085,0.5070833333333333,1.9500000476837158,False
lactate__0_24h__min,6085,0.5070833333333333,1.600000023841858,False
lactate__0_24h__std,6085,0.5070833333333333,0.17871057987213135,False
lactate__0_24h__time_span_hours,6085,0.5070833333333333,5.0,False
static_bmi,5758,0.47983333333333333,27.14798355102539,False
static_height_cm,5753,0.47941666666666666,170.1999969482422,False
fio2__24_48h__delta,5752,0.47933333333333333,0.0,False
fio2__24_48h__first,5752,0.47933333333333333,0.5,False
fio2__24_48h__last,5752,0.47933333333333333,0.5,False
fio2__24_48h__max,5752,0.47933333333333333,0.5,False
fio2__24_48h__mean,5752,0.47933333333333333,0.5,False
fio2__24_48h__median,5752,0.47933333333333333,0.5,False
fio2__24_48h__min,5752,0.47933333333333333,0.4000000059604645,False
fio2__24_48h__std,5752,0.47933333333333333,2.220446049250313e-16,False
fio2__24_48h__time_span_hours,5752,0.47933333333333333,19.46666717529297,False
lactate__0_48h__delta,5424,0.452,0.0,False
lactate__0_48h__first,5424,0.452,1.899999976158142,False
lactate__0_48h__last,5424,0.452,1.600000023841858,False
lactate__0_48h__max,5424,0.452,2.299999952316284,False
lactate__0_48h__mean,5424,0.452,1.899999976158142,False
lactate__0_48h__median,5424,0.452,1.7999999523162842,False
lactate__0_48h__min,5424,0.452,1.399999976158142,False
lactate__0_48h__std,5424,0.452,0.24494896829128265,False
lactate__0_48h__time_span_hours,5424,0.452,10.0,False
paco2__24_48h__delta,5220,0.435,0.0,False
paco2__24_48h__first,5220,0.435,39.0,False
paco2__24_48h__last,5220,0.435,39.0,False
paco2__24_48h__max,5220,0.435,42.0,False
paco2__24_48h__mean,5220,0.435,39.0,False
paco2__24_48h__median,5220,0.435,39.0,False
paco2__24_48h__min,5220,0.435,36.0,False
paco2__24_48h__std,5220,0.435,1.8708287477493286,False
paco2__24_48h__time_span_hours,5220,0.435,11.600000381469727,False
pao2__24_48h__delta,5216,0.43466666666666665,0.0,False
pao2__24_48h__first,5216,0.43466666666666665,106.0,False
pao2__24_48h__last,5216,0.43466666666666665,104.0,False
pao2__24_48h__max,5216,0.43466666666666665,127.0,False
pao2__24_48h__mean,5216,0.43466666666666665,107.0,False
pao2__24_48h__median,5216,0.43466666666666665,105.5,False
pao2__24_48h__min,5216,0.43466666666666665,88.0,False
pao2__24_48h__std,5216,0.43466666666666665,11.232708930969238,False
pao2__24_48h__time_span_hours,5216,0.43466666666666665,11.558333396911621,False
mechvent__0_24h__slope_per_hour,4943,0.41191666666666665,0.0,False
glucose__0_24h__slope_per_hour,4865,0.40541666666666665,-0.8439281582832336,False
ph__24_48h__delta,4846,0.4038333333333333,0.0,False
ph__24_48h__first,4846,0.4038333333333333,7.400000095367432,False
ph__24_48h__last,4846,0.4038333333333333,7.409999847412109,False
ph__24_48h__max,4846,0.4038333333333333,7.429999828338623,False
ph__24_48h__mean,4846,0.4038333333333333,7.40500020980835,False
ph__24_48h__median,4846,0.4038333333333333,7.409999847412109,False
ph__24_48h__min,4846,0.4038333333333333,7.380000114440918,False
ph__24_48h__std,4846,0.4038333333333333,0.014999999664723873,False
ph__24_48h__time_span_hours,4846,0.4038333333333333,12.199999809265137,False
weight__0_24h__slope_per_hour,4836,0.403,0.0,False
mechvent__0_24h__delta,4826,0.4021666666666667,0.0,False
mechvent__0_24h__first,4826,0.4021666666666667,1.0,False
mechvent__0_24h__last,4826,0.4021666666666667,1.0,False
mechvent__0_24h__max,4826,0.4021666666666667,1.0,False
mechvent__0_24h__mean,4826,0.4021666666666667,1.0,False
mechvent__0_24h__median,4826,0.4021666666666667,1.0,False
mechvent__0_24h__min,4826,0.4021666666666667,1.0,False
mechvent__0_24h__std,4826,0.4021666666666667,0.0,False
mechvent__0_24h__time_span_hours,4826,0.4021666666666667,19.0,False
pao2__0_24h__slope_per_hour,4766,0.39716666666666667,-4.726825714111328,False
paco2__0_24h__slope_per_hour,4754,0.39616666666666667,-0.06441134214401245,False
na__0_24h__slope_per_hour,4730,0.39416666666666667,0.0,False
ph__0_24h__slope_per_hour,4718,0.39316666666666666,0.001491766539402306,False
fio2__0_24h__slope_per_hour,4715,0.3929166666666667,-0.011659406125545502,False
wbc__0_24h__slope_per_hour,4663,0.38858333333333334,-0.022140221670269966,False
nimap__24_48h__slope_per_hour,4585,0.38208333333333333,0.07255785167217255,False
nidiasabp__24_48h__slope_per_hour,4574,0.38116666666666665,0.06409777700901031,False
nisysabp__24_48h__slope_per_hour,4568,0.38066666666666665,0.11830393224954605,False
mg__0_24h__slope_per_hour,4533,0.37775,0.006054490339010954,False
mechvent__0_48h__slope_per_hour,4496,0.37466666666666665,0.0,False
fio2__0_24h__delta,4441,0.3700833333333333,-0.30000001192092896,False
fio2__0_24h__first,4441,0.3700833333333333,1.0,False
fio2__0_24h__last,4441,0.3700833333333333,0.5,False
fio2__0_24h__max,4441,0.3700833333333333,1.0,False
fio2__0_24h__mean,4441,0.3700833333333333,0.5428571701049805,False
fio2__0_24h__median,4441,0.3700833333333333,0.5,False
fio2__0_24h__min,4441,0.3700833333333333,0.4000000059604645,False
fio2__0_24h__std,4441,0.3700833333333333,0.15613679587841034,False
fio2__0_24h__time_span_hours,4441,0.3700833333333333,19.0,False
mechvent__0_48h__delta,4419,0.36825,0.0,False
mechvent__0_48h__first,4419,0.36825,1.0,False
mechvent__0_48h__last,4419,0.36825,1.0,False
mechvent__0_48h__max,4419,0.36825,1.0,False
mechvent__0_48h__mean,4419,0.36825,1.0,False
mechvent__0_48h__median,4419,0.36825,1.0,False
mechvent__0_48h__min,4419,0.36825,1.0,False
mechvent__0_48h__std,4419,0.36825,0.0,False
mechvent__0_48h__time_span_hours,4419,0.36825,38.0,False
diasabp__24_48h__slope_per_hour,4267,0.3555833333333333,0.06892406195402145,False
sysabp__24_48h__slope_per_hour,4267,0.3555833333333333,0.1562277227640152,False
map__24_48h__slope_per_hour,4262,0.3551666666666667,0.10402927547693253,False
diasabp__24_48h__delta,4214,0.3511666666666667,1.0,False
diasabp__24_48h__first,4214,0.3511666666666667,58.0,False
diasabp__24_48h__last,4214,0.3511666666666667,59.0,False
diasabp__24_48h__max,4214,0.3511666666666667,75.0,False
diasabp__24_48h__mean,4214,0.3511666666666667,59.0,False
diasabp__24_48h__median,4214,0.3511666666666667,58.0,False
diasabp__24_48h__min,4214,0.3511666666666667,47.0,False
diasabp__24_48h__std,4214,0.3511666666666667,6.408140182495117,False
diasabp__24_48h__time_span_hours,4214,0.3511666666666667,23.0,False
sysabp__24_48h__delta,4214,0.3511666666666667,2.0,False
sysabp__24_48h__first,4214,0.3511666666666667,118.0,False
sysabp__24_48h__last,4214,0.3511666666666667,121.0,False
sysabp__24_48h__max,4214,0.3511666666666667,148.0,False
sysabp__24_48h__mean,4214,0.3511666666666667,119.680908203125,False
sysabp__24_48h__median,4214,0.3511666666666667,119.0,False
sysabp__24_48h__min,4214,0.3511666666666667,95.0,False
sysabp__24_48h__std,4214,0.3511666666666667,12.657029151916504,False
sysabp__24_48h__time_span_hours,4214,0.3511666666666667,23.0,False
map__24_48h__delta,4212,0.351,1.0,False
map__24_48h__first,4212,0.351,78.0,False
map__24_48h__last,4212,0.351,80.0,False
map__24_48h__max,4212,0.351,100.0,False
map__24_48h__mean,4212,0.351,79.43019104003906,False
map__24_48h__median,4212,0.351,78.5,False
map__24_48h__min,4212,0.351,64.0,False
map__24_48h__std,4212,0.351,8.480820655822754,False
map__24_48h__time_span_hours,4212,0.351,23.0,False
diasabp__0_24h__slope_per_hour,4122,0.3435,-0.10232292115688324,False
sysabp__0_24h__slope_per_hour,4122,0.3435,-0.02448979578912258,False
map__0_24h__slope_per_hour,4120,0.3433333333333333,-0.09759454429149628,False
fio2__0_48h__slope_per_hour,4117,0.34308333333333335,-0.0044958824291825294,False
k__0_24h__slope_per_hour,4098,0.3415,-0.0006472947425208986,False
diasabp__0_24h__delta,4066,0.3388333333333333,-2.0,False
diasabp__0_24h__first,4066,0.3388333333333333,61.0,False
diasabp__0_24h__last,4066,0.3388333333333333,58.0,False
diasabp__0_24h__max,4066,0.3388333333333333,77.0,False
diasabp__0_24h__mean,4066,0.3388333333333333,59.26014709472656,False
diasabp__0_24h__median,4066,0.3388333333333333,58.5,False
diasabp__0_24h__min,4066,0.3388333333333333,46.0,False
diasabp__0_24h__std,4066,0.3388333333333333,7.190839767456055,False
diasabp__0_24h__time_span_hours,4066,0.3388333333333333,21.0,False
sysabp__0_24h__delta,4065,0.33875,-3.0,False
sysabp__0_24h__first,4065,0.33875,121.0,False
sysabp__0_24h__last,4065,0.33875,118.0,False
sysabp__0_24h__max,4065,0.33875,150.0,False
sysabp__0_24h__mean,4065,0.33875,115.97603607177734,False
sysabp__0_24h__median,4065,0.33875,115.0,False
sysabp__0_24h__min,4065,0.33875,88.0,False
sysabp__0_24h__std,4065,0.33875,14.482793807983398,False
sysabp__0_24h__time_span_hours,4065,0.33875,21.0,False
map__0_24h__delta,4063,0.33858333333333335,-3.0,False
map__0_24h__first,4063,0.33858333333333335,82.0,False
map__0_24h__last,4063,0.33858333333333335,78.0,False
map__0_24h__max,4063,0.33858333333333335,103.0,False
map__0_24h__mean,4063,0.33858333333333335,78.29412078857422,False
map__0_24h__median,4063,0.33858333333333335,77.0,False
map__0_24h__min,4063,0.33858333333333335,60.0,False
map__0_24h__std,4063,0.33858333333333335,9.92780590057373,False
map__0_24h__time_span_hours,4063,0.33858333333333335,21.0,False
nimap__24_48h__delta,3998,0.33316666666666667,0.0,False
nimap__24_48h__first,3998,0.33316666666666667,75.0,False
nimap__24_48h__last,3998,0.33316666666666667,76.0,False
nimap__24_48h__max,3998,0.33316666666666667,91.0,False
nimap__24_48h__mean,3998,0.33316666666666667,75.45623016357422,False
nimap__24_48h__median,3998,0.33316666666666667,75.0,False
nimap__24_48h__min,3998,0.33316666666666667,63.0,False
nimap__24_48h__std,3998,0.33316666666666667,7.308261394500732,False
nimap__24_48h__time_span_hours,3998,0.33316666666666667,22.0,False
nidiasabp__24_48h__delta,3982,0.3318333333333333,0.0,False
nidiasabp__24_48h__first,3982,0.3318333333333333,56.0,False
nidiasabp__24_48h__last,3982,0.3318333333333333,57.0,False
nidiasabp__24_48h__max,3982,0.3318333333333333,74.0,False
nidiasabp__24_48h__mean,3982,0.3318333333333333,56.70000076293945,False
nidiasabp__24_48h__median,3982,0.3318333333333333,56.0,False
nidiasabp__24_48h__min,3982,0.3318333333333333,44.0,False
nidiasabp__24_48h__std,3982,0.3318333333333333,7.569102764129639,False
nidiasabp__24_48h__time_span_hours,3982,0.3318333333333333,22.0,False
pao2__0_48h__slope_per_hour,3976,0.3313333333333333,-1.9956440925598145,False
nisysabp__24_48h__delta,3975,0.33125,0.0,False
nisysabp__24_48h__first,3975,0.33125,117.0,False
nisysabp__24_48h__last,3975,0.33125,119.0,False
nisysabp__24_48h__max,3975,0.33125,138.0,False
nisysabp__24_48h__mean,3975,0.33125,117.5,False
nisysabp__24_48h__median,3975,0.33125,117.0,False
nisysabp__24_48h__min,3975,0.33125,99.0,False
nisysabp__24_48h__std,3975,0.33125,9.748001098632812,False
nisysabp__24_48h__time_span_hours,3975,0.33125,22.0,False
paco2__0_48h__slope_per_hour,3971,0.3309166666666667,-0.01550382561981678,False
hco3__0_24h__slope_per_hour,3929,0.3274166666666667,0.0,False
weight__24_48h__slope_per_hour,3928,0.3273333333333333,0.0,False
ph__0_48h__slope_per_hour,3926,0.32716666666666666,0.0009318954544141889,False
weight__24_48h__delta,3897,0.32475,0.0,False
weight__24_48h__first,3897,0.32475,80.9000015258789,False
weight__24_48h__last,3897,0.32475,81.19999694824219,False
weight__24_48h__max,3897,0.32475,81.5,False
weight__24_48h__mean,3897,0.32475,81.0,False
weight__24_48h__median,3897,0.32475,81.0,False
weight__24_48h__min,3897,0.32475,80.5999984741211,False
weight__24_48h__std,3897,0.32475,7.105427357601002e-15,False
weight__24_48h__time_span_hours,3897,0.32475,23.0,False
fio2__0_48h__delta,3884,0.32366666666666666,-0.30000001192092896,False
fio2__0_48h__first,3884,0.32366666666666666,1.0,False
fio2__0_48h__last,3884,0.32366666666666666,0.5,False
fio2__0_48h__max,3884,0.32366666666666666,1.0,False
fio2__0_48h__mean,3884,0.32366666666666666,0.5249999761581421,False
fio2__0_48h__median,3884,0.32366666666666666,0.5,False
fio2__0_48h__min,3884,0.32366666666666666,0.4000000059604645,False
fio2__0_48h__std,3884,0.32366666666666666,0.1457403004169464,False
fio2__0_48h__time_span_hours,3884,0.32366666666666666,38.0,False
weight__0_48h__slope_per_hour,3875,0.3229166666666667,0.0,False
platelets__0_24h__slope_per_hour,3839,0.3199166666666667,-0.6174957156181335,False
diasabp__0_48h__slope_per_hour,3660,0.305,-0.01074841059744358,False
map__0_48h__slope_per_hour,3660,0.305,0.021975761279463768,False
sysabp__0_48h__slope_per_hour,3660,0.305,0.10015688836574554,False
bun__0_24h__slope_per_hour,3633,0.30275,0.0,False
diasabp__0_48h__delta,3625,0.3020833333333333,-1.0,False
diasabp__0_48h__first,3625,0.3020833333333333,61.0,False
diasabp__0_48h__last,3625,0.3020833333333333,60.0,False
diasabp__0_48h__max,3625,0.3020833333333333,81.0,False
diasabp__0_48h__mean,3625,0.3020833333333333,59.14173889160156,False
diasabp__0_48h__median,3625,0.3020833333333333,58.0,False
diasabp__0_48h__min,3625,0.3020833333333333,44.0,False
diasabp__0_48h__std,3625,0.3020833333333333,7.743416786193848,False
diasabp__0_48h__time_span_hours,3625,0.3020833333333333,43.75,False
sysabp__0_48h__delta,3625,0.3020833333333333,-1.0,False
sysabp__0_48h__first,3625,0.3020833333333333,121.0,False
sysabp__0_48h__last,3625,0.3020833333333333,121.0,False
sysabp__0_48h__max,3625,0.3020833333333333,157.0,False
sysabp__0_48h__mean,3625,0.3020833333333333,117.54444885253906,False
sysabp__0_48h__median,3625,0.3020833333333333,117.0,False
sysabp__0_48h__min,3625,0.3020833333333333,86.0,False
sysabp__0_48h__std,3625,0.3020833333333333,15.187021255493164,False
sysabp__0_48h__time_span_hours,3625,0.3020833333333333,43.75,False
map__0_48h__delta,3620,0.3016666666666667,-1.0,False
map__0_48h__first,3620,0.3016666666666667,82.0,False
map__0_48h__last,3620,0.3016666666666667,80.0,False
map__0_48h__max,3620,0.3016666666666667,108.0,False
map__0_48h__mean,3620,0.3016666666666667,78.8108139038086,False
map__0_48h__median,3620,0.3016666666666667,78.0,False
map__0_48h__min,3620,0.3016666666666667,58.0,False
map__0_48h__std,3620,0.3016666666666667,10.442609786987305,False
map__0_48h__time_span_hours,3620,0.3016666666666667,43.75,False
creatinine__0_24h__slope_per_hour,3603,0.30025,0.0,False
pao2__0_24h__delta,3489,0.29075,-38.0,False
pao2__0_24h__first,3489,0.29075,174.0,False
pao2__0_24h__last,3489,0.29075,111.0,False
pao2__0_24h__max,3489,0.29075,219.0,False
pao2__0_24h__mean,3489,0.29075,148.3333282470703,False
pao2__0_24h__median,3489,0.29075,131.0,False
pao2__0_24h__min,3489,0.29075,92.0,False
pao2__0_24h__std,3489,0.29075,39.75223159790039,False
pao2__0_24h__time_span_hours,3489,0.29075,15.116666793823242,False
paco2__0_24h__delta,3482,0.2901666666666667,0.0,False
paco2__0_24h__first,3482,0.2901666666666667,40.0,False
paco2__0_24h__last,3482,0.2901666666666667,39.0,False
paco2__0_24h__max,3482,0.2901666666666667,45.0,False
paco2__0_24h__mean,3482,0.2901666666666667,39.85714340209961,False
paco2__0_24h__median,3482,0.2901666666666667,39.5,False
paco2__0_24h__min,3482,0.2901666666666667,35.0,False
paco2__0_24h__std,3482,0.2901666666666667,3.3541018962860107,False
paco2__0_24h__time_span_hours,3482,0.2901666666666667,15.149999618530273,False
ph__0_24h__delta,3439,0.28658333333333336,0.0,False
ph__0_24h__first,3439,0.28658333333333336,7.380000114440918,False
ph__0_24h__last,3439,0.28658333333333336,7.400000095367432,False
ph__0_24h__max,3439,0.28658333333333336,7.429999828338623,False
ph__0_24h__mean,3439,0.28658333333333336,7.380000114440918,False
ph__0_24h__median,3439,0.28658333333333336,7.380000114440918,False
ph__0_24h__min,3439,0.28658333333333336,7.329999923706055,False
ph__0_24h__std,3439,0.28658333333333336,0.03200922906398773,False
ph__0_24h__time_span_hours,3439,0.28658333333333336,15.791666984558105,False
nimap__0_24h__slope_per_hour,3138,0.2615,-0.09989288449287415,False
nidiasabp__0_24h__slope_per_hour,3126,0.2605,-0.11504914611577988,False
nisysabp__0_24h__slope_per_hour,3119,0.2599166666666667,-0.06746860593557358,False
pao2__0_48h__delta,2946,0.2455,-41.0,False
pao2__0_48h__first,2946,0.2455,168.0,False
pao2__0_48h__last,2946,0.2455,106.0,False
pao2__0_48h__max,2946,0.2455,221.0,False
pao2__0_48h__mean,2946,0.2455,138.25,False
pao2__0_48h__median,2946,0.2455,121.0,False
pao2__0_48h__min,2946,0.2455,82.0,False
pao2__0_48h__std,2946,0.2455,41.41231155395508,False
pao2__0_48h__time_span_hours,2946,0.2455,32.349998474121094,False
paco2__0_48h__delta,2945,0.24541666666666667,0.0,False
paco2__0_48h__first,2945,0.24541666666666667,40.0,False
paco2__0_48h__last,2945,0.24541666666666667,39.0,False
paco2__0_48h__max,2945,0.24541666666666667,46.0,False
paco2__0_48h__mean,2945,0.24541666666666667,39.75,False
paco2__0_48h__median,2945,0.24541666666666667,39.0,False
paco2__0_48h__min,2945,0.24541666666666667,34.0,False
paco2__0_48h__std,2945,0.24541666666666667,3.758324146270752,False
paco2__0_48h__time_span_hours,2945,0.24541666666666667,32.36666488647461,False
hct__0_24h__slope_per_hour,2908,0.24233333333333335,-0.051265306770801544,False
ph__0_48h__delta,2897,0.24141666666666667,0.009999999776482582,False
ph__0_48h__first,2897,0.24141666666666667,7.380000114440918,False
ph__0_48h__last,2897,0.24141666666666667,7.409999847412109,False
ph__0_48h__max,2897,0.24141666666666667,7.440000057220459,False
ph__0_48h__mean,2897,0.24141666666666667,7.387499809265137,False
ph__0_48h__median,2897,0.24141666666666667,7.389999866485596,False
ph__0_48h__min,2897,0.24141666666666667,7.329999923706055,False
ph__0_48h__std,2897,0.24141666666666667,0.036374591290950775,False
ph__0_48h__time_span_hours,2897,0.24141666666666667,33.974998474121094,False
nimap__0_24h__delta,2628,0.219,-2.0,False
nimap__0_24h__first,2628,0.219,79.0,False
nimap__0_24h__last,2628,0.219,75.0,False
nimap__0_24h__max,2628,0.219,93.0,False
nimap__0_24h__mean,2628,0.219,75.20260620117188,False
nimap__0_24h__median,2628,0.219,74.33499908447266,False
nimap__0_24h__min,2628,0.219,61.0,False
nimap__0_24h__std,2628,0.219,8.18812084197998,False
nimap__0_24h__time_span_hours,2628,0.219,19.66666603088379,False
nidiasabp__0_24h__delta,2621,0.21841666666666668,-2.0,False
nidiasabp__0_24h__first,2621,0.21841666666666668,60.0,False
nidiasabp__0_24h__last,2621,0.21841666666666668,56.0,False
nidiasabp__0_24h__max,2621,0.21841666666666668,75.0,False
nidiasabp__0_24h__mean,2621,0.21841666666666668,57.0,False
nidiasabp__0_24h__median,2621,0.21841666666666668,56.0,False
nidiasabp__0_24h__min,2621,0.21841666666666668,43.0,False
nidiasabp__0_24h__std,2621,0.21841666666666668,8.2286376953125,False
nidiasabp__0_24h__time_span_hours,2621,0.21841666666666668,19.75,False
nisysabp__0_24h__delta,2616,0.218,-2.0,False
nisysabp__0_24h__first,2616,0.218,121.0,False
nisysabp__0_24h__last,2616,0.218,116.0,False
nisysabp__0_24h__max,2616,0.218,139.0,False
nisysabp__0_24h__mean,2616,0.218,115.41429138183594,False
nisysabp__0_24h__median,2616,0.218,115.0,False
nisysabp__0_24h__min,2616,0.218,95.0,False
nisysabp__0_24h__std,2616,0.218,11.13998031616211,False
nisysabp__0_24h__time_span_hours,2616,0.218,19.791667938232422,False
nimap__0_48h__slope_per_hour,1970,0.16416666666666666,0.003970379941165447,False
nidiasabp__0_48h__slope_per_hour,1962,0.1635,-0.008508879691362381,False
nisysabp__0_48h__slope_per_hour,1956,0.163,0.038123998790979385,False
nimap__0_48h__delta,1539,0.12825,-1.0,False
nimap__0_48h__first,1539,0.12825,78.0,False
nimap__0_48h__last,1539,0.12825,75.33000183105469,False
nimap__0_48h__max,1539,0.12825,96.0,False
nimap__0_48h__mean,1539,0.12825,75.0311508178711,False
nimap__0_48h__median,1539,0.12825,74.5,False
nimap__0_48h__min,1539,0.12825,59.0,False
nimap__0_48h__std,1539,0.12825,8.787897109985352,False
nimap__0_48h__time_span_hours,1539,0.12825,38.75,False
nidiasabp__0_48h__delta,1534,0.12783333333333333,-1.0,False
nidiasabp__0_48h__first,1534,0.12783333333333333,59.0,False
nidiasabp__0_48h__last,1534,0.12783333333333333,56.0,False
nidiasabp__0_48h__max,1534,0.12783333333333333,79.0,False
nidiasabp__0_48h__mean,1534,0.12783333333333333,56.71428680419922,False
nidiasabp__0_48h__median,1534,0.12783333333333333,56.0,False
nidiasabp__0_48h__min,1534,0.12783333333333333,41.0,False
nidiasabp__0_48h__std,1534,0.12783333333333333,8.815744400024414,False
nidiasabp__0_48h__time_span_hours,1534,0.12783333333333333,39.0,False
nisysabp__0_48h__delta,1529,0.12741666666666668,0.0,False
nisysabp__0_48h__first,1529,0.12741666666666668,120.0,False
nisysabp__0_48h__last,1529,0.12741666666666668,117.0,False
nisysabp__0_48h__max,1529,0.12741666666666668,143.0,False
nisysabp__0_48h__mean,1529,0.12741666666666668,116.0,False
nisysabp__0_48h__median,1529,0.12741666666666668,115.0,False
nisysabp__0_48h__min,1529,0.12741666666666668,93.0,False
nisysabp__0_48h__std,1529,0.12741666666666668,12.099723815917969,False
nisysabp__0_48h__time_span_hours,1529,0.12741666666666668,39.0,False
static_admission_weight_kg,1003,0.08358333333333333,78.0,False
mg__0_48h__slope_per_hour,953,0.07941666666666666,0.002939018188044429,False
glucose__0_48h__slope_per_hour,928,0.07733333333333334,-0.40278464555740356,False
weight__0_24h__delta,919,0.07658333333333334,0.0,False
weight__0_24h__first,919,0.07658333333333334,78.0,False
weight__0_24h__last,919,0.07658333333333334,79.69999694824219,False
weight__0_24h__max,919,0.07658333333333334,80.0,False
weight__0_24h__mean,919,0.07658333333333334,79.30000305175781,False
weight__0_24h__median,919,0.07658333333333334,79.4000015258789,False
weight__0_24h__min,919,0.07658333333333334,78.0,False
weight__0_24h__std,919,0.07658333333333334,0.0,False
weight__0_24h__time_span_hours,919,0.07658333333333334,23.200000762939453,False
weight__0_48h__delta,919,0.07658333333333334,0.0,False
weight__0_48h__first,919,0.07658333333333334,78.0,False
weight__0_48h__last,919,0.07658333333333334,80.0,False
weight__0_48h__max,919,0.07658333333333334,80.0,False
weight__0_48h__mean,919,0.07658333333333334,80.0,False
weight__0_48h__median,919,0.07658333333333334,80.0,False
weight__0_48h__min,919,0.07658333333333334,78.0,False
weight__0_48h__std,919,0.07658333333333334,7.105427357601002e-15,False
weight__0_48h__time_span_hours,919,0.07658333333333334,47.20000076293945,False
mg__24_48h__delta,886,0.07383333333333333,0.0,False
mg__24_48h__first,886,0.07383333333333333,2.0,False
mg__24_48h__last,886,0.07383333333333333,2.0,False
mg__24_48h__max,886,0.07383333333333333,2.0999999046325684,False
mg__24_48h__mean,886,0.07383333333333333,2.0,False
mg__24_48h__median,886,0.07383333333333333,2.0,False
mg__24_48h__min,886,0.07383333333333333,2.0,False
mg__24_48h__std,886,0.07383333333333333,0.0,False
mg__24_48h__time_span_hours,886,0.07383333333333333,0.0,False
mg__0_24h__delta,853,0.07108333333333333,0.0,False
mg__0_24h__first,853,0.07108333333333333,1.899999976158142,False
mg__0_24h__last,853,0.07108333333333333,2.0,False
mg__0_24h__max,853,0.07108333333333333,2.0999999046325684,False
mg__0_24h__mean,853,0.07108333333333333,1.9500000476837158,False
mg__0_24h__median,853,0.07108333333333333,1.9500000476837158,False
mg__0_24h__min,853,0.07108333333333333,1.7999999523162842,False
mg__0_24h__std,853,0.07108333333333333,0.05000000074505806,False
mg__0_24h__time_span_hours,853,0.07108333333333333,8.483333587646484,False
glucose__24_48h__delta,845,0.07041666666666667,0.0,False
glucose__24_48h__first,845,0.07041666666666667,122.0,False
glucose__24_48h__last,845,0.07041666666666667,121.0,False
glucose__24_48h__max,845,0.07041666666666667,126.0,False
glucose__24_48h__mean,845,0.07041666666666667,122.0,False
glucose__24_48h__median,845,0.07041666666666667,122.0,False
glucose__24_48h__min,845,0.07041666666666667,116.0,False
glucose__24_48h__std,845,0.07041666666666667,0.0,False
glucose__24_48h__time_span_hours,845,0.07041666666666667,0.0,False
glucose__0_24h__delta,752,0.06266666666666666,0.0,False
glucose__0_24h__first,752,0.06266666666666666,132.0,False
glucose__0_24h__last,752,0.06266666666666666,126.0,False
glucose__0_24h__max,752,0.06266666666666666,142.0,False
glucose__0_24h__mean,752,0.06266666666666666,131.0,False
glucose__0_24h__median,752,0.06266666666666666,130.0,False
glucose__0_24h__min,752,0.06266666666666666,118.0,False
glucose__0_24h__std,752,0.06266666666666666,5.906681537628174,False
glucose__0_24h__time_span_hours,752,0.06266666666666666,7.800000190734863,False
k__24_48h__delta,713,0.059416666666666666,0.0,False
k__24_48h__first,713,0.059416666666666666,4.0,False
k__24_48h__last,713,0.059416666666666666,4.0,False
k__24_48h__max,713,0.059416666666666666,4.099999904632568,False
k__24_48h__mean,713,0.059416666666666666,4.0,False
k__24_48h__median,713,0.059416666666666666,4.0,False
k__24_48h__min,713,0.059416666666666666,3.9000000953674316,False
k__24_48h__std,713,0.059416666666666666,0.0,False
k__24_48h__time_span_hours,713,0.059416666666666666,0.0,False
k__0_48h__slope_per_hour,708,0.059,-0.002777825342491269,False
urine__24_48h__slope_per_hour,611,0.050916666666666666,0.47826087474823,False
k__0_24h__delta,604,0.050333333333333334,0.0,False
k__0_24h__first,604,0.050333333333333334,4.099999904632568,False
k__0_24h__last,604,0.050333333333333334,4.099999904632568,False
k__0_24h__max,604,0.050333333333333334,4.300000190734863,False
k__0_24h__mean,604,0.050333333333333334,4.099999904632568,False
k__0_24h__median,604,0.050333333333333334,4.099999904632568,False
k__0_24h__min,604,0.050333333333333334,3.9000000953674316,False
k__0_24h__std,604,0.050333333333333334,0.12472191452980042,False
k__0_24h__time_span_hours,604,0.050333333333333334,9.166666984558105,False
wbc__24_48h__delta,556,0.04633333333333333,0.0,False
wbc__24_48h__first,556,0.04633333333333333,11.300000190734863,False
wbc__24_48h__last,556,0.04633333333333333,11.199999809265137,False
wbc__24_48h__max,556,0.04633333333333333,11.5,False
wbc__24_48h__mean,556,0.04633333333333333,11.300000190734863,False
wbc__24_48h__median,556,0.04633333333333333,11.300000190734863,False
wbc__24_48h__min,556,0.04633333333333333,11.0,False
wbc__24_48h__std,556,0.04633333333333333,0.0,False
wbc__24_48h__time_span_hours,556,0.04633333333333333,0.0,False
na__24_48h__delta,544,0.04533333333333334,0.0,False
na__24_48h__first,544,0.04533333333333334,139.0,False
na__24_48h__last,544,0.04533333333333334,139.0,False
na__24_48h__max,544,0.04533333333333334,139.0,False
na__24_48h__mean,544,0.04533333333333334,139.0,False
na__24_48h__median,544,0.04533333333333334,139.0,False
na__24_48h__min,544,0.04533333333333334,139.0,False
na__24_48h__std,544,0.04533333333333334,0.0,False
na__24_48h__time_span_hours,544,0.04533333333333334,0.0,False
platelets__24_48h__delta,539,0.04491666666666667,0.0,False
platelets__24_48h__first,539,0.04491666666666667,174.0,False
platelets__24_48h__last,539,0.04491666666666667,172.5,False
platelets__24_48h__max,539,0.04491666666666667,176.0,False
platelets__24_48h__mean,539,0.04491666666666667,173.0,False
platelets__24_48h__median,539,0.04491666666666667,173.0,False
platelets__24_48h__min,539,0.04491666666666667,170.0,False
platelets__24_48h__std,539,0.04491666666666667,0.0,False
platelets__24_48h__time_span_hours,539,0.04491666666666667,0.0,False
na__0_48h__slope_per_hour,533,0.04441666666666667,0.0,False
urine__24_48h__delta,526,0.043833333333333335,0.0,False
urine__24_48h__first,526,0.043833333333333335,80.0,False
urine__24_48h__last,526,0.043833333333333335,90.0,False
urine__24_48h__max,526,0.043833333333333335,280.0,False
urine__24_48h__mean,526,0.043833333333333335,99.78713989257812,False
urine__24_48h__median,526,0.043833333333333335,80.0,False
urine__24_48h__min,526,0.043833333333333335,26.0,False
urine__24_48h__std,526,0.043833333333333335,64.54777526855469,False
urine__24_48h__time_span_hours,526,0.043833333333333335,23.0,False
urine__24_48h__total,526,0.043833333333333335,1710.0,False
wbc__0_48h__slope_per_hour,510,0.0425,-0.016411397606134415,False
hco3__24_48h__delta,509,0.042416666666666665,0.0,False
hco3__24_48h__first,509,0.042416666666666665,24.0,False
hco3__24_48h__last,509,0.042416666666666665,24.0,False
hco3__24_48h__max,509,0.042416666666666665,25.0,False
hco3__24_48h__mean,509,0.042416666666666665,24.0,False
hco3__24_48h__median,509,0.042416666666666665,24.0,False
hco3__24_48h__min,509,0.042416666666666665,24.0,False
hco3__24_48h__std,509,0.042416666666666665,0.0,False
hco3__24_48h__time_span_hours,509,0.042416666666666665,0.0,False
platelets__0_48h__slope_per_hour,458,0.03816666666666667,-0.6326659917831421,False
bun__24_48h__delta,439,0.036583333333333336,0.0,False
bun__24_48h__first,439,0.036583333333333336,19.0,False
bun__24_48h__last,439,0.036583333333333336,19.0,False
bun__24_48h__max,439,0.036583333333333336,19.0,False
bun__24_48h__mean,439,0.036583333333333336,19.0,False
bun__24_48h__median,439,0.036583333333333336,19.0,False
bun__24_48h__min,439,0.036583333333333336,18.0,False
bun__24_48h__std,439,0.036583333333333336,0.0,False
bun__24_48h__time_span_hours,439,0.036583333333333336,0.0,False
creatinine__24_48h__delta,438,0.0365,0.0,False
creatinine__24_48h__first,438,0.0365,0.8999999761581421,False
creatinine__24_48h__last,438,0.0365,0.8999999761581421,False
creatinine__24_48h__max,438,0.0365,0.8999999761581421,False
creatinine__24_48h__mean,438,0.0365,0.8999999761581421,False
creatinine__24_48h__median,438,0.0365,0.8999999761581421,False
creatinine__24_48h__min,438,0.0365,0.8999999761581421,False
creatinine__24_48h__std,438,0.0365,0.0,False
creatinine__24_48h__time_span_hours,438,0.0365,0.0,False
hco3__0_48h__slope_per_hour,437,0.03641666666666667,0.03567642346024513,False
hct__24_48h__delta,435,0.03625,0.0,False
hct__24_48h__first,435,0.03625,30.299999237060547,False
hct__24_48h__last,435,0.03625,30.299999237060547,False
hct__24_48h__max,435,0.03625,30.899999618530273,False
hct__24_48h__mean,435,0.03625,30.16666603088379,False
hct__24_48h__median,435,0.03625,30.200000762939453,False
hct__24_48h__min,435,0.03625,29.5,False
hct__24_48h__std,435,0.03625,0.0,False
hct__24_48h__time_span_hours,435,0.03625,0.0,False
na__0_24h__delta,428,0.035666666666666666,0.0,False
na__0_24h__first,428,0.035666666666666666,139.0,False
na__0_24h__last,428,0.035666666666666666,139.0,False
na__0_24h__max,428,0.035666666666666666,140.0,False
na__0_24h__mean,428,0.035666666666666666,139.0,False
na__0_24h__median,428,0.035666666666666666,139.0,False
na__0_24h__min,428,0.035666666666666666,138.0,False
na__0_24h__std,428,0.035666666666666666,0.5,False
na__0_24h__time_span_hours,428,0.035666666666666666,8.0,False
wbc__0_24h__delta,420,0.035,0.0,False
wbc__0_24h__first,420,0.035,11.600000381469727,False
wbc__0_24h__last,420,0.035,11.5,False
wbc__0_24h__max,420,0.035,12.600000381469727,False
wbc__0_24h__mean,420,0.035,11.649999618530273,False
wbc__0_24h__median,420,0.035,11.600000381469727,False
wbc__0_24h__min,420,0.035,10.600000381469727,False
wbc__0_24h__std,420,0.035,0.44999998807907104,False
wbc__0_24h__time_span_hours,420,0.035,7.800000190734863,False
urine__0_24h__slope_per_hour,401,0.033416666666666664,-3.1792657375335693,False
platelets__0_24h__delta,378,0.0315,0.0,False
platelets__0_24h__first,378,0.0315,198.0,False
platelets__0_24h__last,378,0.0315,192.0,False
platelets__0_24h__max,378,0.0315,208.0,False
platelets__0_24h__mean,378,0.0315,195.5,False
platelets__0_24h__median,378,0.0315,195.0,False
platelets__0_24h__min,378,0.0315,182.0,False
platelets__0_24h__std,378,0.0315,7.5,False
platelets__0_24h__time_span_hours,378,0.0315,9.733333587646484,False
hct__0_48h__slope_per_hour,375,0.03125,-0.042691729962825775,False
hco3__0_24h__delta,364,0.030333333333333334,0.0,False
hco3__0_24h__first,364,0.030333333333333334,23.0,False
hco3__0_24h__last,364,0.030333333333333334,23.0,False
hco3__0_24h__max,364,0.030333333333333334,24.0,False
hco3__0_24h__mean,364,0.030333333333333334,23.0,False
hco3__0_24h__median,364,0.030333333333333334,23.0,False
hco3__0_24h__min,364,0.030333333333333334,23.0,False
hco3__0_24h__std,364,0.030333333333333334,0.5,False
hco3__0_24h__time_span_hours,364,0.030333333333333334,9.483333587646484,False
urine__0_24h__delta,351,0.02925,-114.5,False
urine__0_24h__first,351,0.02925,225.0,False
urine__0_24h__last,351,0.02925,75.0,False
urine__0_24h__max,351,0.02925,400.0,False
urine__0_24h__mean,351,0.02925,116.22233581542969,False
urine__0_24h__median,351,0.02925,80.0,False
urine__0_24h__min,351,0.02925,25.0,False
urine__0_24h__std,351,0.02925,92.24842834472656,False
urine__0_24h__time_span_hours,351,0.02925,21.5,False
urine__0_24h__total,351,0.02925,1936.0,False
creatinine__0_48h__slope_per_hour,344,0.028666666666666667,0.0,False
bun__0_48h__slope_per_hour,343,0.028583333333333332,-0.0035881497897207737,False
urine__0_48h__slope_per_hour,339,0.02825,-0.6669554710388184,False
hct__0_24h__delta,316,0.026333333333333334,0.0,False
hct__0_24h__first,316,0.026333333333333334,31.799999237060547,False
hct__0_24h__last,316,0.026333333333333334,31.299999237060547,False
hct__0_24h__max,316,0.026333333333333334,33.099998474121094,False
hct__0_24h__mean,316,0.026333333333333334,31.299999237060547,False
hct__0_24h__median,316,0.026333333333333334,31.399999618530273,False
hct__0_24h__min,316,0.026333333333333334,29.700000762939453,False
hct__0_24h__std,316,0.026333333333333334,1.100000023841858,False
hct__0_24h__time_span_hours,316,0.026333333333333334,11.983333587646484,False
urine__0_48h__delta,310,0.025833333333333333,-100.0,False
urine__0_48h__first,310,0.025833333333333333,225.0,False
urine__0_48h__last,310,0.025833333333333333,90.0,False
urine__0_48h__max,310,0.025833333333333333,450.0,False
urine__0_48h__mean,310,0.025833333333333333,111.66666412353516,False
urine__0_48h__median,310,0.025833333333333333,80.0,False
urine__0_48h__min,310,0.025833333333333333,20.0,False
urine__0_48h__std,310,0.025833333333333333,98.52894592285156,False
urine__0_48h__time_span_hours,310,0.025833333333333333,45.0,False
urine__0_48h__total,310,0.025833333333333333,3828.5,False
glucose__0_48h__delta,294,0.0245,-9.0,False
glucose__0_48h__first,294,0.0245,131.0,False
glucose__0_48h__last,294,0.0245,121.0,False
glucose__0_48h__max,294,0.0245,152.0,False
glucose__0_48h__mean,294,0.0245,129.5,False
glucose__0_48h__median,294,0.0245,127.0,False
glucose__0_48h__min,294,0.0245,106.0,False
glucose__0_48h__std,294,0.0245,17.0,False
glucose__0_48h__time_span_hours,294,0.0245,29.549999237060547,False
mg__0_48h__delta,292,0.024333333333333332,0.10000000149011612,False
mg__0_48h__first,292,0.024333333333333332,1.899999976158142,False
mg__0_48h__last,292,0.024333333333333332,2.0,False
mg__0_48h__max,292,0.024333333333333332,2.200000047683716,False
mg__0_48h__mean,292,0.024333333333333332,1.975000023841858,False
mg__0_48h__median,292,0.024333333333333332,2.0,False
mg__0_48h__min,292,0.024333333333333332,1.7999999523162842,False
mg__0_48h__std,292,0.024333333333333332,0.15000000596046448,False
mg__0_48h__time_span_hours,292,0.024333333333333332,30.633333206176758,False
bun__0_24h__delta,287,0.023916666666666666,0.0,False
bun__0_24h__first,287,0.023916666666666666,19.0,False
bun__0_24h__last,287,0.023916666666666666,19.0,False
bun__0_24h__max,287,0.023916666666666666,20.0,False
bun__0_24h__mean,287,0.023916666666666666,18.5,False
bun__0_24h__median,287,0.023916666666666666,18.5,False
bun__0_24h__min,287,0.023916666666666666,18.0,False
bun__0_24h__std,287,0.023916666666666666,0.5,False
bun__0_24h__time_span_hours,287,0.023916666666666666,9.850000381469727,False
creatinine__0_24h__delta,286,0.023833333333333335,0.0,False
creatinine__0_24h__first,286,0.023833333333333335,0.8999999761581421,False
creatinine__0_24h__last,286,0.023833333333333335,0.8999999761581421,False
creatinine__0_24h__max,286,0.023833333333333335,1.0,False
creatinine__0_24h__mean,286,0.023833333333333335,0.8999999761581421,False
creatinine__0_24h__median,286,0.023833333333333335,0.8999999761581421,False
creatinine__0_24h__min,286,0.023833333333333335,0.8999999761581421,False
creatinine__0_24h__std,286,0.023833333333333335,0.05000000074505806,False
creatinine__0_24h__time_span_hours,286,0.023833333333333335,9.916666984558105,False
bp_dias__24_48h__slope_per_hour,272,0.02266666666666667,0.06888888776302338,False
bp_sys__24_48h__slope_per_hour,272,0.02266666666666667,0.13551388680934906,False
bp_mean__24_48h__slope_per_hour,271,0.022583333333333334,0.09311206638813019,False
gcs__24_48h__slope_per_hour,269,0.022416666666666668,0.0,False
bp_mean__0_24h__slope_per_hour,257,0.021416666666666667,-0.08096473664045334,False
bp_sys__0_24h__slope_per_hour,257,0.021416666666666667,-0.024333039298653603,False
bp_dias__0_24h__slope_per_hour,256,0.021333333333333333,-0.0897969976067543,False
temp__24_48h__slope_per_hour,251,0.020916666666666667,-0.0028571428265422583,False
k__0_48h__delta,249,0.02075,0.0,False
k__0_48h__first,249,0.02075,4.099999904632568,False
k__0_48h__last,249,0.02075,4.0,False
k__0_48h__max,249,0.02075,4.400000095367432,False
k__0_48h__mean,249,0.02075,4.066666603088379,False
k__0_48h__median,249,0.02075,4.050000190734863,False
k__0_48h__min,249,0.02075,3.700000047683716,False
k__0_48h__std,249,0.02075,0.2576819658279419,False
k__0_48h__time_span_hours,249,0.02075,31.33333396911621,False
gcs__0_24h__slope_per_hour,239,0.019916666666666666,0.0,False
gcs__24_48h__delta,228,0.019,0.0,False
gcs__24_48h__first,228,0.019,14.0,False
gcs__24_48h__last,228,0.019,15.0,False
gcs__24_48h__max,228,0.019,15.0,False
gcs__24_48h__mean,228,0.019,14.285714149475098,False
gcs__24_48h__median,228,0.019,15.0,False
gcs__24_48h__min,228,0.019,13.0,False
gcs__24_48h__std,228,0.019,0.3726779818534851,False
gcs__24_48h__time_span_hours,228,0.019,20.0,False
temp__24_48h__delta,226,0.018833333333333334,0.0,False
temp__24_48h__first,226,0.018833333333333334,37.099998474121094,False
temp__24_48h__last,226,0.018833333333333334,37.0,False
temp__24_48h__max,226,0.018833333333333334,37.599998474121094,False
temp__24_48h__mean,226,0.018833333333333334,37.044952392578125,False
temp__24_48h__median,226,0.018833333333333334,37.099998474121094,False
temp__24_48h__min,226,0.018833333333333334,36.5,False
temp__24_48h__std,226,0.018833333333333334,0.3435921370983124,False
temp__24_48h__time_span_hours,226,0.018833333333333334,20.0,False
bp_mean__0_48h__slope_per_hour,224,0.018666666666666668,0.024530889466404915,False
bp_mean__24_48h__delta,220,0.018333333333333333,1.0,False
bp_mean__24_48h__first,220,0.018333333333333333,78.0,False
bp_mean__24_48h__last,220,0.018333333333333333,79.66999816894531,False
bp_mean__24_48h__max,220,0.018333333333333333,98.0,False
bp_mean__24_48h__mean,220,0.018333333333333333,78.87999725341797,False
bp_mean__24_48h__median,220,0.018333333333333333,78.0,False
bp_mean__24_48h__min,220,0.018333333333333333,63.0,False
bp_mean__24_48h__std,220,0.018333333333333333,8.340900421142578,False
bp_mean__24_48h__time_span_hours,220,0.018333333333333333,23.0,False
bp_dias__0_48h__slope_per_hour,219,0.01825,-0.0016067619435489178,False
bp_sys__0_48h__slope_per_hour,219,0.01825,0.08718661963939667,False
bp_dias__24_48h__delta,218,0.018166666666666668,1.0,False
bp_dias__24_48h__first,218,0.018166666666666668,58.0,False
bp_dias__24_48h__last,218,0.018166666666666668,59.0,False
bp_dias__24_48h__max,218,0.018166666666666668,76.0,False
bp_dias__24_48h__mean,218,0.018166666666666668,59.0,False
bp_dias__24_48h__median,218,0.018166666666666668,58.0,False
bp_dias__24_48h__min,218,0.018166666666666668,46.0,False
bp_dias__24_48h__std,218,0.018166666666666668,7.134088039398193,False
bp_dias__24_48h__time_span_hours,218,0.018166666666666668,23.0,False
bp_sys__24_48h__delta,218,0.018166666666666668,2.0,False
bp_sys__24_48h__first,218,0.018166666666666668,119.0,False
bp_sys__24_48h__last,218,0.018166666666666668,121.0,False
bp_sys__24_48h__max,218,0.018166666666666668,146.0,False
bp_sys__24_48h__mean,218,0.018166666666666668,119.96809387207031,False
bp_sys__24_48h__median,218,0.018166666666666668,119.5,False
bp_sys__24_48h__min,218,0.018166666666666668,96.0,False
bp_sys__24_48h__std,218,0.018166666666666668,12.004556655883789,False
bp_sys__24_48h__time_span_hours,218,0.018166666666666668,23.0,False
temp__0_24h__slope_per_hour,215,0.017916666666666668,0.02135842852294445,False
wbc__0_48h__delta,213,0.01775,-0.30000001192092896,False
wbc__0_48h__first,213,0.01775,11.600000381469727,False
wbc__0_48h__last,213,0.01775,11.199999809265137,False
wbc__0_48h__max,213,0.01775,13.600000381469727,False
wbc__0_48h__mean,213,0.01775,11.600000381469727,False
wbc__0_48h__median,213,0.01775,11.5,False
wbc__0_48h__min,213,0.01775,9.600000381469727,False
wbc__0_48h__std,213,0.01775,1.4500000476837158,False
wbc__0_48h__time_span_hours,213,0.01775,30.016666412353516,False
na__0_48h__delta,212,0.017666666666666667,0.0,False
na__0_48h__first,212,0.017666666666666667,139.0,False
na__0_48h__last,212,0.017666666666666667,139.0,False
na__0_48h__max,212,0.017666666666666667,141.0,False
na__0_48h__mean,212,0.017666666666666667,139.0,False
na__0_48h__median,212,0.017666666666666667,139.0,False
na__0_48h__min,212,0.017666666666666667,137.0,False
na__0_48h__std,212,0.017666666666666667,1.3564660549163818,False
na__0_48h__time_span_hours,212,0.017666666666666667,30.049999237060547,False
gcs__0_24h__delta,211,0.017583333333333333,0.0,False
gcs__0_24h__first,211,0.017583333333333333,11.0,False
gcs__0_24h__last,211,0.017583333333333333,14.0,False
gcs__0_24h__max,211,0.017583333333333333,15.0,False
gcs__0_24h__mean,211,0.017583333333333333,11.600000381469727,False
gcs__0_24h__median,211,0.017583333333333333,12.5,False
gcs__0_24h__min,211,0.017583333333333333,8.0,False
gcs__0_24h__std,211,0.017583333333333333,0.9520728588104248,False
gcs__0_24h__time_span_hours,211,0.017583333333333333,20.0,False
hr__24_48h__delta,211,0.017583333333333333,0.0,False
hr__24_48h__first,211,0.017583333333333333,85.0,False
hr__24_48h__last,211,0.017583333333333333,85.0,False
hr__24_48h__max,211,0.017583333333333333,102.0,False
hr__24_48h__mean,211,0.017583333333333333,85.84615325927734,False
hr__24_48h__median,211,0.017583333333333333,85.0,False
hr__24_48h__min,211,0.017583333333333333,73.0,False
hr__24_48h__slope_per_hour,211,0.017583333333333333,-0.01662997342646122,False
hr__24_48h__std,211,0.017583333333333333,6.779262542724609,False
hr__24_48h__time_span_hours,211,0.017583333333333333,23.0,False
hco3__0_48h__delta,207,0.01725,1.0,False
hco3__0_48h__first,207,0.01725,23.0,False
hco3__0_48h__last,207,0.01725,24.0,False
hco3__0_48h__max,207,0.01725,25.0,False
hco3__0_48h__mean,207,0.01725,23.66666603088379,False
hco3__0_48h__median,207,0.01725,24.0,False
hco3__0_48h__min,207,0.01725,22.0,False
hco3__0_48h__std,207,0.01725,1.2472190856933594,False
hco3__0_48h__time_span_hours,207,0.01725,31.78333282470703,False
temp__0_24h__delta,204,0.017,0.4000000059604645,False
temp__0_24h__first,204,0.017,36.599998474121094,False
temp__0_24h__last,204,0.017,37.099998474121094,False
temp__0_24h__max,204,0.017,37.70000076293945,False
temp__0_24h__mean,204,0.017,36.92499923706055,False
temp__0_24h__median,204,0.017,37.0,False
temp__0_24h__min,204,0.017,36.099998474121094,False
temp__0_24h__std,204,0.017,0.4791659414768219,False
temp__0_24h__time_span_hours,204,0.017,20.5,False
hr__0_24h__slope_per_hour,202,0.016833333333333332,-0.055173780769109726,False
bp_mean__0_24h__delta,200,0.016666666666666666,-3.0,False
bp_mean__0_24h__first,200,0.016666666666666666,82.0,False
bp_mean__0_24h__last,200,0.016666666666666666,78.0,False
bp_mean__0_24h__max,200,0.016666666666666666,101.0,False
bp_mean__0_24h__mean,200,0.016666666666666666,77.94628143310547,False
bp_mean__0_24h__median,200,0.016666666666666666,77.0,False
bp_mean__0_24h__min,200,0.016666666666666666,60.0,False
bp_mean__0_24h__std,200,0.016666666666666666,9.527387619018555,False
bp_mean__0_24h__time_span_hours,200,0.016666666666666666,21.58333396911621,False
bp_dias__0_24h__delta,199,0.016583333333333332,-3.0,False
bp_dias__0_24h__first,199,0.016583333333333332,62.0,False
bp_dias__0_24h__last,199,0.016583333333333332,58.0,False
bp_dias__0_24h__max,199,0.016583333333333332,79.0,False
bp_dias__0_24h__mean,199,0.016583333333333332,59.11651611328125,False
bp_dias__0_24h__median,199,0.016583333333333332,58.0,False
bp_dias__0_24h__min,199,0.016583333333333332,45.0,False
bp_dias__0_24h__std,199,0.016583333333333332,7.775946140289307,False
bp_dias__0_24h__time_span_hours,199,0.016583333333333332,21.75,False
bp_sys__0_24h__delta,199,0.016583333333333332,-4.0,False
bp_sys__0_24h__first,199,0.016583333333333332,122.0,False
bp_sys__0_24h__last,199,0.016583333333333332,118.0,False
bp_sys__0_24h__max,199,0.016583333333333332,148.0,False
bp_sys__0_24h__mean,199,0.016583333333333332,116.9320297241211,False
bp_sys__0_24h__median,199,0.016583333333333332,116.0,False
bp_sys__0_24h__min,199,0.016583333333333332,91.0,False
bp_sys__0_24h__std,199,0.016583333333333332,13.434249877929688,False
bp_sys__0_24h__time_span_hours,199,0.016583333333333332,21.75,False
hr__0_24h__delta,199,0.016583333333333332,-2.0,False
hr__0_24h__first,199,0.016583333333333332,88.0,False
hr__0_24h__last,199,0.016583333333333332,85.0,False
hr__0_24h__max,199,0.016583333333333332,104.0,False
hr__0_24h__mean,199,0.016583333333333332,85.93095397949219,False
hr__0_24h__median,199,0.016583333333333332,86.0,False
hr__0_24h__min,199,0.016583333333333332,71.0,False
hr__0_24h__std,199,0.016583333333333332,7.8002519607543945,False
hr__0_24h__time_span_hours,199,0.016583333333333332,22.5,False
platelets__0_48h__delta,198,0.0165,-17.0,False
platelets__0_48h__first,198,0.0165,198.0,False
platelets__0_48h__last,198,0.0165,173.0,False
platelets__0_48h__max,198,0.0165,213.0,False
platelets__0_48h__mean,198,0.0165,187.6666717529297,False
platelets__0_48h__median,198,0.0165,187.0,False
platelets__0_48h__min,198,0.0165,162.0,False
platelets__0_48h__std,198,0.0165,17.30767250061035,False
platelets__0_48h__time_span_hours,198,0.0165,32.016666412353516,False
hct__0_48h__delta,190,0.015833333333333335,-1.2000000476837158,False
hct__0_48h__first,190,0.015833333333333335,31.799999237060547,False
hct__0_48h__last,190,0.015833333333333335,30.299999237060547,False
hct__0_48h__max,190,0.015833333333333335,33.5,False
hct__0_48h__mean,190,0.015833333333333335,30.700000762939453,False
hct__0_48h__median,190,0.015833333333333335,30.799999237060547,False
hct__0_48h__min,190,0.015833333333333335,28.100000381469727,False
hct__0_48h__std,190,0.015833333333333335,1.8386951684951782,False
hct__0_48h__time_span_hours,190,0.015833333333333335,34.483333587646484,False
gcs__0_48h__slope_per_hour,187,0.015583333333333333,0.0083713848143816,False
temp__0_48h__slope_per_hour,186,0.0155,0.006613932084292173,False
gcs__0_48h__delta,185,0.015416666666666667,0.0,False
gcs__0_48h__first,185,0.015416666666666667,11.0,False
gcs__0_48h__last,185,0.015416666666666667,15.0,False
gcs__0_48h__max,185,0.015416666666666667,15.0,False
gcs__0_48h__mean,185,0.015416666666666667,12.538461685180664,False
gcs__0_48h__median,185,0.015416666666666667,14.0,False
gcs__0_48h__min,185,0.015416666666666667,7.0,False
gcs__0_48h__std,185,0.015416666666666667,1.4438527822494507,False
gcs__0_48h__time_span_hours,185,0.015416666666666667,44.0,False
hr__0_48h__slope_per_hour,185,0.015416666666666667,-0.02490868605673313,False
temp__0_48h__delta,185,0.015416666666666667,0.4000000059604645,False
temp__0_48h__first,185,0.015416666666666667,36.599998474121094,False
temp__0_48h__last,185,0.015416666666666667,37.0,False
temp__0_48h__max,185,0.015416666666666667,37.79999923706055,False
temp__0_48h__mean,185,0.015416666666666667,36.9900016784668,False
temp__0_48h__median,185,0.015416666666666667,37.04999923706055,False
temp__0_48h__min,185,0.015416666666666667,36.0,False
temp__0_48h__std,185,0.015416666666666667,0.5246650576591492,False
temp__0_48h__time_span_hours,185,0.015416666666666667,44.16666793823242,False
bp_dias__0_48h__delta,184,0.015333333333333332,-2.0,False
bp_dias__0_48h__first,184,0.015333333333333332,62.0,False
bp_dias__0_48h__last,184,0.015333333333333332,60.0,False
bp_dias__0_48h__max,184,0.015333333333333332,83.0,False
bp_dias__0_48h__mean,184,0.015333333333333332,59.115516662597656,False
bp_dias__0_48h__median,184,0.015333333333333332,58.0,False
bp_dias__0_48h__min,184,0.015333333333333332,43.0,False
bp_dias__0_48h__std,184,0.015333333333333332,8.315229415893555,False
bp_dias__0_48h__time_span_hours,184,0.015333333333333332,45.0,False
bp_mean__0_48h__delta,184,0.015333333333333332,-1.659999966621399,False
bp_mean__0_48h__first,184,0.015333333333333332,82.0,False
bp_mean__0_48h__last,184,0.015333333333333332,80.0,False
bp_mean__0_48h__max,184,0.015333333333333332,107.0,False
bp_mean__0_48h__mean,184,0.015333333333333332,78.62934875488281,False
bp_mean__0_48h__median,184,0.015333333333333332,78.0,False
bp_mean__0_48h__min,184,0.015333333333333332,58.0,False
bp_mean__0_48h__std,184,0.015333333333333332,10.158733367919922,False
bp_mean__0_48h__time_span_hours,184,0.015333333333333332,45.0,False
bp_sys__0_48h__delta,184,0.015333333333333332,-2.0,False
bp_sys__0_48h__first,184,0.015333333333333332,122.0,False
bp_sys__0_48h__last,184,0.015333333333333332,122.0,False
bp_sys__0_48h__max,184,0.015333333333333332,155.0,False
bp_sys__0_48h__mean,184,0.015333333333333332,118.324951171875,False
bp_sys__0_48h__median,184,0.015333333333333332,117.5,False
bp_sys__0_48h__min,184,0.015333333333333332,88.0,False
bp_sys__0_48h__std,184,0.015333333333333332,14.442346572875977,False
bp_sys__0_48h__time_span_hours,184,0.015333333333333332,45.0,False
hr__0_48h__delta,184,0.015333333333333332,-3.0,False
hr__0_48h__first,184,0.015333333333333332,88.0,False
hr__0_48h__last,184,0.015333333333333332,85.0,False
hr__0_48h__max,184,0.015333333333333332,110.0,False
hr__0_48h__mean,184,0.015333333333333332,86.20416259765625,False
hr__0_48h__median,184,0.015333333333333332,86.0,False
hr__0_48h__min,184,0.015333333333333332,68.0,False
hr__0_48h__std,184,0.015333333333333332,9.043346405029297,False
hr__0_48h__time_span_hours,184,0.015333333333333332,46.41666793823242,False
bun__0_48h__delta,183,0.01525,0.0,False
bun__0_48h__first,183,0.01525,19.0,False
bun__0_48h__last,183,0.01525,19.0,False
bun__0_48h__max,183,0.01525,22.0,False
bun__0_48h__mean,183,0.01525,18.75,False
bun__0_48h__median,183,0.01525,18.5,False
bun__0_48h__min,183,0.01525,16.0,False
bun__0_48h__std,183,0.01525,2.054804563522339,False
bun__0_48h__time_span_hours,183,0.01525,32.291664123535156,False
creatinine__0_48h__delta,183,0.01525,0.0,False
creatinine__0_48h__first,183,0.01525,0.8999999761581421,False
creatinine__0_48h__last,183,0.01525,0.8999999761581421,False
creatinine__0_48h__max,183,0.01525,1.0,False
creatinine__0_48h__mean,183,0.01525,0.9200000166893005,False
creatinine__0_48h__median,183,0.01525,0.8999999761581421,False
creatinine__0_48h__min,183,0.01525,0.800000011920929,False
creatinine__0_48h__std,183,0.01525,0.08291561901569366,False
creatinine__0_48h__time_span_hours,183,0.01525,32.38333511352539,False
albumin__0_24h__count,0,0.0,0.0,False
albumin__0_24h__measured,0,0.0,0.0,False
albumin__0_48h__count,0,0.0,0.0,False
albumin__0_48h__measured,0,0.0,0.0,False
albumin__24_48h__count,0,0.0,0.0,False
albumin__24_48h__measured,0,0.0,0.0,False
alp__0_24h__count,0,0.0,0.0,False
alp__0_24h__measured,0,0.0,0.0,False
alp__0_48h__count,0,0.0,0.0,False
alp__0_48h__measured,0,0.0,0.0,False
alp__24_48h__count,0,0.0,0.0,False
alp__24_48h__measured,0,0.0,0.0,False
alt__0_24h__count,0,0.0,0.0,False
alt__0_24h__measured,0,0.0,0.0,False
alt__0_48h__count,0,0.0,0.0,False
alt__0_48h__measured,0,0.0,0.0,False
alt__24_48h__count,0,0.0,0.0,False
alt__24_48h__measured,0,0.0,0.0,False
ast__0_24h__count,0,0.0,0.0,False
ast__0_24h__measured,0,0.0,0.0,False
ast__0_48h__count,0,0.0,0.0,False
ast__0_48h__measured,0,0.0,0.0,False
ast__24_48h__count,0,0.0,0.0,False
ast__24_48h__measured,0,0.0,0.0,False
bilirubin__0_24h__count,0,0.0,0.0,False
bilirubin__0_24h__measured,0,0.0,0.0,False
bilirubin__0_48h__count,0,0.0,0.0,False
bilirubin__0_48h__measured,0,0.0,0.0,False
bilirubin__24_48h__count,0,0.0,0.0,False
bilirubin__24_48h__measured,0,0.0,0.0,False
bp__0_24h__has_arterial_line,0,0.0,1.0,False
bp__0_48h__has_arterial_line,0,0.0,1.0,False
bp__24_48h__has_arterial_line,0,0.0,1.0,False
bp_dias__0_24h__count,0,0.0,26.0,False
bp_dias__0_24h__measured,0,0.0,1.0,False
bp_dias__0_48h__count,0,0.0,50.0,False
bp_dias__0_48h__measured,0,0.0,1.0,False
bp_dias__24_48h__count,0,0.0,24.0,False
bp_dias__24_48h__measured,0,0.0,1.0,False
bp_mean__0_24h__count,0,0.0,26.0,False
bp_mean__0_24h__measured,0,0.0,1.0,False
bp_mean__0_48h__count,0,0.0,49.0,False
bp_mean__0_48h__measured,0,0.0,1.0,False
bp_mean__24_48h__count,0,0.0,24.0,False
bp_mean__24_48h__measured,0,0.0,1.0,False
bp_sys__0_24h__count,0,0.0,26.0,False
bp_sys__0_24h__measured,0,0.0,1.0,False
bp_sys__0_48h__count,0,0.0,50.0,False
bp_sys__0_48h__measured,0,0.0,1.0,False
bp_sys__24_48h__count,0,0.0,24.0,False
bp_sys__24_48h__measured,0,0.0,1.0,False
bun__0_24h__count,0,0.0,2.0,False
bun__0_24h__measured,0,0.0,1.0,False
bun__0_48h__count,0,0.0,3.0,False
bun__0_48h__measured,0,0.0,1.0,False
bun__24_48h__count,0,0.0,1.0,False
bun__24_48h__measured,0,0.0,1.0,False
cholesterol__0_24h__count,0,0.0,0.0,False
cholesterol__0_24h__measured,0,0.0,0.0,False
cholesterol__0_48h__count,0,0.0,0.0,False
cholesterol__0_48h__measured,0,0.0,0.0,False
cholesterol__24_48h__count,0,0.0,0.0,False
cholesterol__24_48h__measured,0,0.0,0.0,False
creatinine__0_24h__count,0,0.0,2.0,False
creatinine__0_24h__measured,0,0.0,1.0,False
creatinine__0_48h__count,0,0.0,3.0,False
creatinine__0_48h__measured,0,0.0,1.0,False
creatinine__24_48h__count,0,0.0,1.0,False
creatinine__24_48h__measured,0,0.0,1.0,False
diasabp__0_24h__count,0,0.0,22.0,False
diasabp__0_24h__measured,0,0.0,1.0,False
diasabp__0_48h__count,0,0.0,43.0,False
diasabp__0_48h__measured,0,0.0,1.0,False
diasabp__24_48h__count,0,0.0,21.0,False
diasabp__24_48h__measured,0,0.0,1.0,False
fio2__0_24h__count,0,0.0,5.0,False
fio2__0_24h__measured,0,0.0,1.0,False
fio2__0_48h__count,0,0.0,8.0,False
fio2__0_48h__measured,0,0.0,1.0,False
fio2__24_48h__count,0,0.0,1.0,False
fio2__24_48h__measured,0,0.0,1.0,False
gcs__0_24h__count,0,0.0,7.0,False
gcs__0_24h__measured,0,0.0,1.0,False
gcs__0_48h__count,0,0.0,13.0,False
gcs__0_48h__measured,0,0.0,1.0,False
gcs__24_48h__count,0,0.0,6.0,False
gcs__24_48h__measured,0,0.0,1.0,False
glucose__0_24h__count,0,0.0,2.0,False
glucose__0_24h__measured,0,0.0,1.0,False
glucose__0_48h__count,0,0.0,3.0,False
glucose__0_48h__measured,0,0.0,1.0,False
glucose__24_48h__count,0,0.0,1.0,False
glucose__24_48h__measured,0,0.0,1.0,False
hco3__0_24h__count,0,0.0,2.0,False
hco3__0_24h__measured,0,0.0,1.0,False
hco3__0_48h__count,0,0.0,3.0,False
hco3__0_48h__measured,0,0.0,1.0,False
hco3__24_48h__count,0,0.0,1.0,False
hco3__24_48h__measured,0,0.0,1.0,False
hct__0_24h__count,0,0.0,2.0,False
hct__0_24h__measured,0,0.0,1.0,False
hct__0_48h__count,0,0.0,4.0,False
hct__0_48h__measured,0,0.0,1.0,False
hct__24_48h__count,0,0.0,1.0,False
hct__24_48h__measured,0,0.0,1.0,False
hr__0_24h__count,0,0.0,29.0,False
hr__0_24h__measured,0,0.0,1.0,False
hr__0_48h__count,0,0.0,55.0,False
hr__0_48h__measured,0,0.0,1.0,False
hr__24_48h__count,0,0.0,25.0,False
hr__24_48h__measured,0,0.0,1.0,False
k__0_24h__count,0,0.0,2.0,False
k__0_24h__measured,0,0.0,1.0,False
k__0_48h__count,0,0.0,3.0,False
k__0_48h__measured,0,0.0,1.0,False
k__24_48h__count,0,0.0,1.0,False
k__24_48h__measured,0,0.0,1.0,False
lactate__0_24h__count,0,0.0,0.0,False
lactate__0_24h__measured,0,0.0,0.0,False
lactate__0_48h__count,0,0.0,1.0,False
lactate__0_48h__measured,0,0.0,1.0,False
lactate__24_48h__count,0,0.0,0.0,False
lactate__24_48h__measured,0,0.0,0.0,False
map__0_24h__count,0,0.0,22.0,False
map__0_24h__measured,0,0.0,1.0,False
map__0_48h__count,0,0.0,43.0,False
map__0_48h__measured,0,0.0,1.0,False
map__24_48h__count,0,0.0,21.0,False
map__24_48h__measured,0,0.0,1.0,False
mechvent__0_24h__count,0,0.0,5.0,False
mechvent__0_24h__ever,0,0.0,1.0,False
mechvent__0_24h__measured,0,0.0,1.0,False
mechvent__0_48h__count,0,0.0,7.0,False
mechvent__0_48h__ever,0,0.0,1.0,False
mechvent__0_48h__measured,0,0.0,1.0,False
mechvent__24_48h__count,0,0.0,0.0,False
mechvent__24_48h__ever,0,0.0,0.0,False
mechvent__24_48h__measured,0,0.0,0.0,False
mg__0_24h__count,0,0.0,2.0,False
mg__0_24h__measured,0,0.0,1.0,False
mg__0_48h__count,0,0.0,3.0,False
mg__0_48h__measured,0,0.0,1.0,False
mg__24_48h__count,0,0.0,1.0,False
mg__24_48h__measured,0,0.0,1.0,False
na__0_24h__count,0,0.0,2.0,False
na__0_24h__measured,0,0.0,1.0,False
na__0_48h__count,0,0.0,3.0,False
na__0_48h__measured,0,0.0,1.0,False
na__24_48h__count,0,0.0,1.0,False
na__24_48h__measured,0,0.0,1.0,False
nidiasabp__0_24h__count,0,0.0,11.0,False
nidiasabp__0_24h__measured,0,0.0,1.0,False
nidiasabp__0_48h__count,0,0.0,21.0,False
nidiasabp__0_48h__measured,0,0.0,1.0,False
nidiasabp__24_48h__count,0,0.0,8.0,False
nidiasabp__24_48h__measured,0,0.0,1.0,False
nimap__0_24h__count,0,0.0,11.0,False
nimap__0_24h__measured,0,0.0,1.0,False
nimap__0_48h__count,0,0.0,21.0,False
nimap__0_48h__measured,0,0.0,1.0,False
nimap__24_48h__count,0,0.0,8.0,False
nimap__24_48h__measured,0,0.0,1.0,False
nisysabp__0_24h__count,0,0.0,11.0,False
nisysabp__0_24h__measured,0,0.0,1.0,False
nisysabp__0_48h__count,0,0.0,21.0,False
nisysabp__0_48h__measured,0,0.0,1.0,False
nisysabp__24_48h__count,0,0.0,8.0,False
nisysabp__24_48h__measured,0,0.0,1.0,False
paco2__0_24h__count,0,0.0,3.0,False
paco2__0_24h__measured,0,0.0,1.0,False
paco2__0_48h__count,0,0.0,5.0,False
paco2__0_48h__measured,0,0.0,1.0,False
paco2__24_48h__count,0,0.0,1.0,False
paco2__24_48h__measured,0,0.0,1.0,False
pao2__0_24h__count,0,0.0,3.0,False
pao2__0_24h__measured,0,0.0,1.0,False
pao2__0_48h__count,0,0.0,5.0,False
pao2__0_48h__measured,0,0.0,1.0,False
pao2__24_48h__count,0,0.0,1.0,False
pao2__24_48h__measured,0,0.0,1.0,False
ph__0_24h__count,0,0.0,3.0,False
ph__0_24h__measured,0,0.0,1.0,False
ph__0_48h__count,0,0.0,5.0,False
ph__0_48h__measured,0,0.0,1.0,False
ph__24_48h__count,0,0.0,1.0,False
ph__24_48h__measured,0,0.0,1.0,False
platelets__0_24h__count,0,0.0,2.0,False
platelets__0_24h__measured,0,0.0,1.0,False
platelets__0_48h__count,0,0.0,3.0,False
platelets__0_48h__measured,0,0.0,1.0,False
platelets__24_48h__count,0,0.0,1.0,False
platelets__24_48h__measured,0,0.0,1.0,False
record__0_24h__distinct_parameter_count,0,0.0,26.0,False
record__0_24h__missing_parameter_fraction,0,0.0,0.29729729890823364,False
record__0_24h__valid_observation_count,0,0.0,228.0,False
record__0_48h__distinct_parameter_count,0,0.0,27.0,False
record__0_48h__missing_parameter_fraction,0,0.0,0.2702702581882477,False
record__0_48h__valid_observation_count,0,0.0,422.0,False
record__24_48h__distinct_parameter_count,0,0.0,23.0,False
record__24_48h__missing_parameter_fraction,0,0.0,0.37837839126586914,False
record__24_48h__valid_observation_count,0,0.0,188.0,False
resprate__0_24h__count,0,0.0,0.0,False
resprate__0_24h__measured,0,0.0,0.0,False
resprate__0_48h__count,0,0.0,0.0,False
resprate__0_48h__measured,0,0.0,0.0,False
resprate__24_48h__count,0,0.0,0.0,False
resprate__24_48h__measured,0,0.0,0.0,False
sao2__0_24h__count,0,0.0,0.0,False
sao2__0_24h__measured,0,0.0,0.0,False
sao2__0_48h__count,0,0.0,0.0,False
sao2__0_48h__measured,0,0.0,0.0,False
sao2__24_48h__count,0,0.0,0.0,False
sao2__24_48h__measured,0,0.0,0.0,False
static_admission_weight_missing,0,0.0,0.0,False
static_age_missing,0,0.0,0.0,False
static_age_years,0,0.0,67.0,False
static_bmi_missing,0,0.0,0.0,False
static_gender_0,0,0.0,0.0,False
static_gender_1,0,0.0,1.0,False
static_gender_missing,0,0.0,0.0,False
static_height_missing,0,0.0,0.0,False
static_icutype_1,0,0.0,0.0,False
static_icutype_2,0,0.0,0.0,False
static_icutype_3,0,0.0,0.0,False
static_icutype_4,0,0.0,0.0,False
static_icutype_missing,0,0.0,0.0,False
sysabp__0_24h__count,0,0.0,22.0,False
sysabp__0_24h__measured,0,0.0,1.0,False
sysabp__0_48h__count,0,0.0,43.0,False
sysabp__0_48h__measured,0,0.0,1.0,False
sysabp__24_48h__count,0,0.0,21.0,False
sysabp__24_48h__measured,0,0.0,1.0,False
temp__0_24h__count,0,0.0,7.0,False
temp__0_24h__measured,0,0.0,1.0,False
temp__0_48h__count,0,0.0,14.0,False
temp__0_48h__measured,0,0.0,1.0,False
temp__24_48h__count,0,0.0,6.0,False
temp__24_48h__measured,0,0.0,1.0,False
troponini__0_24h__count,0,0.0,0.0,False
troponini__0_24h__measured,0,0.0,0.0,False
troponini__0_48h__count,0,0.0,0.0,False
troponini__0_48h__measured,0,0.0,0.0,False
troponini__24_48h__count,0,0.0,0.0,False
troponini__24_48h__measured,0,0.0,0.0,False
troponint__0_24h__count,0,0.0,0.0,False
troponint__0_24h__measured,0,0.0,0.0,False
troponint__0_48h__count,0,0.0,0.0,False
troponint__0_48h__measured,0,0.0,0.0,False
troponint__24_48h__count,0,0.0,0.0,False
troponint__24_48h__measured,0,0.0,0.0,False
urine__0_24h__count,0,0.0,19.0,False
urine__0_24h__measured,0,0.0,1.0,False
urine__0_48h__count,0,0.0,37.0,False
urine__0_48h__measured,0,0.0,1.0,False
urine__24_48h__count,0,0.0,19.0,False
urine__24_48h__measured,0,0.0,1.0,False
wbc__0_24h__count,0,0.0,2.0,False
wbc__0_24h__measured,0,0.0,1.0,False
wbc__0_48h__count,0,0.0,3.0,False
wbc__0_48h__measured,0,0.0,1.0,False
wbc__24_48h__count,0,0.0,1.0,False
wbc__24_48h__measured,0,0.0,1.0,False
weight__0_24h__count,0,0.0,11.0,False
weight__0_24h__measured,0,0.0,1.0,False
weight__0_48h__count,0,0.0,37.0,False
weight__0_48h__measured,0,0.0,1.0,False
weight__24_48h__count,0,0.0,22.0,False
weight__24_48h__measured,0,0.0,1.0,False
