Parameter,valid_observations,patients_with_valid_value,patient_coverage,min,p01,median,p99,max,sentinel_minus1_rows
ALP,9440,5097,0.42475,11.0,29.0,82.0,705.4400000000023,4695.0,1
ALT,9710,5213,0.4344166666666667,1.0,6.0,42.0,6214.82,16920.0,0
AST,9712,5214,0.4345,4.0,11.0,62.0,8204.449999999997,36400.0,0
Albumin,7248,4870,0.4058333333333333,1.0,1.4,2.9,4.3,5.3,0
BUN,41736,11817,0.98475,1.0,4.0,20.0,115.0,209.0,2
Bilirubin,9801,5212,0.43433333333333335,0.1,0.2,0.9,30.7,59.4,6
Cholesterol,995,948,0.079,28.0,68.0,153.0,297.0,362.0,0
Creatinine,41921,11817,0.98475,0.1,0.3,1.0,8.5,22.1,0
DiasABP,437905,8375,0.6979166666666666,20.0,35.0,58.0,96.0,196.0,2068
FiO2,95140,8116,0.6763333333333333,0.21,0.3,0.5,1.0,1.0,0
GCS,185935,11815,0.9845833333333334,3.0,3.0,13.0,15.0,15.0,0
Glucose,39346,11706,0.9755,10.0,59.0,127.0,378.0,1591.0,1
HCO3,40857,11793,0.98275,5.0,11.0,23.0,36.0,52.0,0
HCT,54959,11810,0.9841666666666666,5.0,20.0,30.2,44.3,61.8,0
HR,686872,11816,0.9846666666666667,20.0,51.0,86.0,138.0,245.0,66
K,43746,11751,0.97925,1.5,2.9,4.05,6.2,10.0,6
Lactate,24354,6576,0.548,0.3,0.7,2.1,13.5,31.0,1
MAP,439652,8380,0.6983333333333334,30.0,51.0,77.0,126.0,200.0,1131
MechVent,91621,7581,0.63175,1.0,1.0,1.0,1.0,1.0,0
Mg,40863,11708,0.9756666666666667,0.4,1.2,2.0,3.2,6.0,34
NIDiasABP,293681,10466,0.8721666666666666,20.0,28.0,57.0,99.0,190.0,1012
NIMAP,290207,10461,0.87175,30.0,46.67,75.33,119.7,199.0,203
NISysABP,294361,10471,0.8725833333333334,40.0,76.0,117.0,182.0,274.0,611
Na,40958,11788,0.9823333333333333,100.0,126.0,139.0,154.0,180.0,2
PaCO2,69027,9055,0.7545833333333334,10.0,23.0,39.0,74.0,100.0,5
PaO2,68855,9054,0.7545,20.0,52.0,122.0,447.0,500.0,9
Platelets,42640,11802,0.9835,5.0,29.0,172.0,556.0,1314.0,2
RespRate,165188,3328,0.2773333333333333,4.0,9.0,19.0,36.0,60.0,199
SaO2,23952,5361,0.44675,51.0,85.0,97.0,100.0,100.0,23
SysABP,438119,8375,0.6979166666666666,40.0,74.0,116.0,185.0,280.0,1986
Temp,259165,11815,0.9845833333333334,30.0,34.8,37.1,39.1,42.2,311
TroponinI,1175,565,0.04708333333333333,0.1,0.3,3.3,46.129999999999995,49.6,0
TroponinT,6253,2637,0.21975,0.01,0.01,0.18,14.388399999999965,29.91,0
Urine,410615,11690,0.9741666666666666,0.0,0.0,70.0,700.0,2000.0,415
WBC,38897,11787,0.98225,0.1,1.7,11.5,38.3,486.5,3
Weight,385460,11081,0.9234166666666667,21.7,43.8,80.0,163.0,300.0,1355
pH,72172,9103,0.7585833333333334,6.75,7.14,7.38,7.53,7.72,18
