subsample,n_estimators,min_child_weight,max_depth,max_bin,learning_rate,gamma,colsample_bytree,mean_cv_auprc,sd_cv_auprc,fold1_auprc,fold2_auprc,fold3_auprc,fold4_auprc,fold5_auprc,mean_fit_seconds,rank
0.9,500,1,9,63,0.05,0.1,0.9,0.5844746288382984,0.02529529996463243,0.5761880513148846,0.6017946846177125,0.6214055935805047,0.5758163058202702,0.5471685088581195,26.14426326751709,1
0.9,500,5,9,63,0.01,0.2,0.8,0.5841596106414979,0.020298060234377812,0.5713736296327323,0.6107844991733707,0.6069186923540029,0.5659240126304863,0.5657972194168972,14.737155532836914,2
0.9,500,5,7,63,0.05,0.0,0.9,0.5826457936988007,0.014058464061443607,0.5683493010478151,0.6000428427654325,0.5993767903991115,0.5742438765145245,0.5712161577671194,11.854179668426514,3
0.9,500,5,5,255,0.05,0.2,0.9,0.5815379192602806,0.02352561149707995,0.5507839419161957,0.6063410521213298,0.6090052564731434,0.5812757463538778,0.5602835994368568,21.988761758804323,4
0.9,500,5,7,255,0.01,0.1,0.9,0.5811098514269395,0.018416959766199243,0.5712998362391181,0.6014471779641255,0.6042845144716823,0.5706268403689618,0.5578908880908097,18.69017882347107,5
1.0,500,3,7,63,0.01,0.1,1.0,0.579618240599867,0.016495490483711652,0.5622527810139394,0.5967205096991035,0.6021622153854739,0.5662404657276229,0.5707152311731957,14.098803520202637,6
1.0,300,5,9,255,0.05,0.0,0.8,0.5788450428066068,0.011653077754183469,0.5644479992902546,0.59087380945466,0.5943380003567504,0.5729325722562669,0.5716328326751018,15.149287509918214,7
0.8,500,1,5,127,0.01,0.0,0.8,0.5785929682966321,0.022375473699682517,0.5658694491876147,0.6072981595491886,0.6033389518494552,0.5643813149341609,0.5520769659627411,11.75905818939209,8
0.9,500,3,5,127,0.01,0.1,1.0,0.5785060008844238,0.019045406971579002,0.5603781189035124,0.6010464106977783,0.5995909083150961,0.5759385044477704,0.555576062057962,12.339963150024413,9
0.9,300,5,3,255,0.05,0.1,0.8,0.5776612709720983,0.018709084566079472,0.5598212390985945,0.5948052908154097,0.604386287281672,0.571165359333163,0.5581281783316523,6.486732769012451,10
0.9,300,1,9,255,0.1,0.0,0.8,0.576989429438391,0.020667444867670217,0.5777891205841023,0.6069440104317414,0.5913874686975488,0.5567723849666403,0.5520541625119226,16.31346912384033,11
0.9,500,5,3,63,0.05,0.0,0.8,0.5766957347496725,0.02239799012206943,0.5569193475295436,0.6081642386071201,0.5996041899692468,0.5580574514229302,0.5607334462195223,13.088405656814576,12
0.8,200,5,3,127,0.05,0.1,0.8,0.5757001145799411,0.026770414763898458,0.552660279735911,0.6028298360456111,0.6105860361424065,0.569247459270443,0.543176961705334,6.09331784248352,13
1.0,500,3,9,63,0.1,0.2,1.0,0.5746809590748863,0.017229873495860155,0.5530471348032048,0.5973607916932492,0.5915464613509863,0.5603824858324408,0.5710679216945508,11.385348510742187,14
1.0,100,3,5,255,0.05,0.0,0.9,0.5743314569710196,0.02009245048817683,0.5488001604061545,0.5945338869044584,0.5950124620561115,0.5810254869908994,0.5522852884974743,5.794698762893677,15
0.8,300,3,5,127,0.1,0.0,1.0,0.5734785331232584,0.020920837497230643,0.5620202871325867,0.5994243722577602,0.597777727204312,0.5586277694620979,0.5495425095595352,8.779374647140504,16
0.9,200,5,9,127,0.05,0.2,1.0,0.5733984208860138,0.015281207118351948,0.5570432917470415,0.5880529413697105,0.5947846545625038,0.559420494827574,0.5676907219232393,9.672983551025391,17
0.8,300,1,9,63,0.05,0.0,1.0,0.5731968660957553,0.022259913080663097,0.563285423888346,0.5984604718003478,0.6013689347980307,0.5517408077712372,0.5511286922208148,11.501226568222046,18
0.9,300,3,9,63,0.01,0.1,0.9,0.5728643821350692,0.023836248843316147,0.565948682353091,0.5974068421237476,0.6017317108920844,0.5613753503463403,0.5378593249600824,16.373948669433595,19
0.8,300,5,7,255,0.1,0.2,0.9,0.572748286984287,0.015368230696613552,0.552393544008851,0.5908130603614445,0.590332539681784,0.5677560921637679,0.5624461987055881,11.758963871002198,20
0.8,500,3,9,127,0.1,0.1,0.8,0.5716741368417619,0.018357096457657564,0.5655686046057324,0.5981957098526447,0.588038899733325,0.5531733510171174,0.5533941189999902,16.821274089813233,21
0.9,300,3,7,127,0.05,0.0,0.9,0.5714265208539373,0.01872398469710052,0.5594024287338302,0.5759424678554463,0.6051006768860976,0.5658163528104292,0.5508706779838837,9.660932779312134,22
1.0,500,3,3,255,0.05,0.2,1.0,0.5713331475443209,0.024490271946845946,0.538135201456797,0.5981826069049342,0.5993373358851398,0.5693695715791567,0.5516410218955761,8.954852724075318,23
1.0,300,5,3,255,0.1,0.0,0.8,0.5705574529243871,0.020579286723862406,0.5433474406178135,0.5973172476501656,0.5913408722216223,0.5570446778985847,0.563737026233749,8.065252161026,24
1.0,300,1,3,255,0.05,0.2,1.0,0.5699183329348992,0.02470007028856393,0.548821451244061,0.6062566283995563,0.5918214790790934,0.5589391501760046,0.5437529557757809,8.051045513153076,25
0.9,100,1,7,255,0.05,0.2,0.8,0.5698169383059606,0.015019948266956129,0.5672871392789884,0.5839719693511094,0.5885510578281025,0.5620337852140586,0.5472407398575434,7.081617641448974,26
0.8,300,3,3,127,0.1,0.2,1.0,0.569228209227086,0.022969352425953236,0.5495849602344056,0.5978814325566923,0.5959979181630338,0.5574367744360688,0.5452399607452292,7.792013359069824,27
0.9,100,3,5,255,0.05,0.0,0.8,0.5691245080233143,0.01937202700083424,0.5423686048067083,0.5944757451444741,0.586921267703919,0.5667050756766755,0.5551518467847942,5.667815017700195,28
1.0,300,1,9,255,0.1,0.2,1.0,0.5678739172472277,0.022010079664817054,0.5558690766173437,0.5772642320636759,0.6068280510506245,0.5521755226226335,0.5472327038818605,12.670045566558837,29
1.0,100,1,9,255,0.1,0.1,0.8,0.5678108912115082,0.02138040602299773,0.5680792784889983,0.5820201995814952,0.5996003638199033,0.5458469939067404,0.5435076202604038,8.890260314941406,30
0.9,200,5,7,63,0.1,0.2,0.8,0.5677356328024252,0.020421777669422225,0.5601242879410953,0.5927498789440653,0.5909981702582706,0.5433031980431714,0.5515026288255235,7.22725133895874,31
1.0,500,5,5,127,0.01,0.2,1.0,0.5676491459079213,0.020330329768024447,0.5478649244162038,0.5884594878336304,0.5959653004511184,0.5551957361699908,0.5507602806686627,12.110115337371827,32
1.0,200,5,7,255,0.01,0.1,0.8,0.5664470106065786,0.02034692914303617,0.5557086462580276,0.5809573873515229,0.5982859474151339,0.5555818665747025,0.5417012054335066,10.710919094085693,33
1.0,100,5,5,63,0.1,0.1,1.0,0.5661704121710688,0.02822049847286059,0.5187315695986846,0.5966624882099129,0.5927287342570745,0.5663764560409269,0.556352812748745,4.010761308670044,34
1.0,500,1,3,255,0.1,0.0,0.9,0.5646153928158075,0.029533102077136504,0.5185364894988922,0.6049072785451325,0.585622003684985,0.5516566011787226,0.5623545911713048,15.367477989196777,35
0.9,100,1,5,63,0.05,0.2,0.9,0.5643959053399167,0.02095275342463993,0.5396526758581198,0.5882796153529686,0.5903289595868502,0.5482838061143719,0.5554344697872728,4.590552806854248,36
1.0,100,5,3,63,0.1,0.0,1.0,0.5638733549154467,0.025164661972214408,0.5468994675268846,0.5977768783058897,0.5912052715174702,0.5407025966619396,0.5427825605650497,4.731019163131714,37
0.9,200,3,7,127,0.01,0.1,0.8,0.5631712363352688,0.021250649532720288,0.5582911443037183,0.5778307609025962,0.5931368830266607,0.5561722728762689,0.5304251205671001,9.497374105453492,38
0.8,100,5,5,255,0.1,0.1,0.9,0.5624283348325131,0.013241234878519923,0.544233082455575,0.5678069133811968,0.5832104329476684,0.5532960792543146,0.5635951661238107,5.456060409545898,39
0.9,300,1,9,127,0.01,0.2,1.0,0.562358633282952,0.022109007279991866,0.5682656965143389,0.5826857660054503,0.5873683587372668,0.5420985372662018,0.5313748078915019,26.341335582733155,40
0.9,200,3,5,63,0.1,0.2,1.0,0.5611249734961904,0.01836195599291286,0.5392069998180803,0.5890847377717737,0.5734149289257969,0.5591906871088843,0.544727513856417,9.532224035263061,41
0.8,100,3,7,255,0.1,0.1,0.9,0.560739244377706,0.01747539092800248,0.5566553004177794,0.5867903972866014,0.567314112984079,0.5602713081770543,0.5326651030230156,7.243399906158447,42
1.0,500,1,3,127,0.01,0.2,0.8,0.5601267510932162,0.026562411840427232,0.5501915848340464,0.5773576126782421,0.5991307519409341,0.5533942030178696,0.520559602994989,7.824870538711548,43
0.9,100,1,7,127,0.1,0.1,0.9,0.5577563342808858,0.019095368631079378,0.5474270998260087,0.5826249532562945,0.5769235598514939,0.5318871015619274,0.5499189569087048,8.344851636886597,44
1.0,200,3,9,255,0.01,0.2,0.8,0.5569497950599415,0.02289756406355338,0.5486553051703223,0.5721888564753066,0.5899597969489196,0.5516799971216686,0.5222650195834904,14.02569375038147,45
1.0,200,5,5,127,0.01,0.1,0.9,0.554765167803388,0.024090549238177782,0.5383894962620214,0.5720963165502858,0.5925611561004756,0.5441606010809948,0.5266182690231627,9.612324285507203,46
0.9,300,1,3,63,0.01,0.1,0.9,0.549752091168026,0.030915265178308445,0.5405263266037107,0.5699601829036187,0.595654771298753,0.538046945892481,0.5045722291415667,19.416100883483885,47
0.9,100,1,7,63,0.01,0.0,1.0,0.548725220471329,0.022875605176566956,0.5475951797088022,0.5675184125300778,0.5726370813093088,0.5482599632386267,0.5076154655698291,5.120030689239502,48
1.0,100,5,5,127,0.01,0.1,0.9,0.5399163873290254,0.020941319350266538,0.5305377699112306,0.5530762156737905,0.5688169961266543,0.5403423924302335,0.5068085625032179,9.618178558349609,49
1.0,100,1,3,63,0.01,0.0,0.9,0.5075575987884056,0.03337305160029954,0.5006347002692141,0.5288321569009673,0.5555470913283441,0.49666100234952154,0.4561130430939808,4.327216148376465,50
