fold,k,AUROC,AUPRC
0,25,0.8334710329239722,0.49790144445883416
0,50,0.842635924249488,0.5258894762871859
0,100,0.8555629651049567,0.5369447429436076
0,200,0.8608093195082944,0.5587906859709189
0,400,0.8641613209718443,0.5694449973582596
0,1159,0.8657340470106403,0.5706108686859502
1,25,0.8533882951413682,0.5528484763254359
1,50,0.8645891732713292,0.5593158518349568
1,100,0.8819098146366797,0.5847099522176309
1,200,0.8847513440463616,0.5944305008868322
1,400,0.8860644079999528,0.603680706347783
1,1159,0.8867165139184779,0.6105138781571118
2,25,0.8486170043257342,0.5319328940202985
2,50,0.8632023416798957,0.5199529119766315
2,100,0.8760054529037894,0.5840639575648661
2,200,0.8800862786292203,0.5976939580793429
2,400,0.8786817428047047,0.5989396235837248
2,1159,0.8780296368861794,0.6111249451463467
3,25,0.8378240315593969,0.5223195369603211
3,50,0.8555525699589267,0.5382635658347298
3,100,0.8526824601447456,0.5325280669686528
3,200,0.8590486708025382,0.5409032481881416
3,400,0.8663066233984816,0.5541286933210551
3,1159,0.8651816112182318,0.5602791612075251
4,25,0.8487759217865548,0.5151058158331223
4,50,0.8555702866861747,0.5311674812542521
4,100,0.8646678261280387,0.5328364409855949
4,200,0.8703873762412783,0.5570015770806935
4,400,0.8751384119316252,0.5554544776296285
4,1159,0.868013334790042,0.5658023360445538
